title,videoId,date,view,like,hour,min,sec,log_like,view_log_like
EXO ì—‘ì†Œ 'Hear Me Out' MV,r2VZQa2IgP4,2023-06-30,10878744,974429,-,3,36,13.789606937399656,150013603.73259488
SHINee ìƒ¤ì´ë‹ˆ 'HARD' MV,lrDeQ4sF0zo,2023-06-26,26304137,447285,-,3,11,13.010951254318067,342241844.2939043
SHINee ìƒ¤ì´ë‹ˆ 'HARD' MV Teaser,tov_DF_Q3aY,2023-06-24,292294,40931,-,-,31,10.619643001144993,3104057.9313766747
NCT DREAM ì—”ì‹œí‹° ë“œë¦¼ 'Broken Melodies' MV,2R_S5TgDWMY,2023-06-19,15202304,995033,-,3,53,13.810531181419902,209951893.4214245
NCT DREAM ì—”ì‹œí‹° ë“œë¦¼ 'Broken Melodies' MV Teaser,pyiNH6dZTSo,2023-06-17,880577,125818,-,-,31,11.742591697273632,10340256.169010123
EXO ì—‘ì†Œ 'Let Me In' MV,91VhCIQNjIc,2023-06-12,14117082,1178565,-,-,4,13.97980815469522,197354098.0641011
SHINee ìƒ¤ì´ë‹ˆ 'The Feeling' MV,xSwJGduvM_g,2023-06-09,13485904,259614,-,4,28,12.466951191479675,168128106.94098052
SHINee ìƒ¤ì´ë‹ˆ 'The Feeling' MV Teaser,5eDNTSBqWTQ,2023-06-08,282905,46371,-,-,29,10.744429542820429,3039652.8398116133
TAEYONG íƒœìš© 'ìƒ¤ë„ë¼ (SHALALA)' MV,aO5DPf0vebc,2023-06-05,9429995,532247,-,3,29,13.184862946290805,124333191.65920755
TAEYONG íƒœìš© 'ìƒ¤ë„ë¼ (SHALALA)' MV Teaser,pTL6WhzIYB4,2023-06-03,632226,97238,-,-,24,11.484916860550916,7261063.0470786635
ZHOUMI ì¡°ë¯¸ 'ManÌƒana (Our Drama) (Feat. ì€í˜)' MV,KHRZsUAkZPQ,2023-06-01,276727,24760,-,3,22,10.116984726798533,2799642.8324927776
ZHOUMI ì¡°ë¯¸ 'ManÌƒana (Our Drama) (Feat. ì€í˜)' MV Teaser #2,gd--Gg33wg4,2023-05-31,37753,4631,-,-,23,8.440528106480752,318655.2576039678
ZHOUMI ì¡°ë¯¸ 'ManÌƒana (Our Drama) (Feat. ì€í˜)' MV Teaser #1,qrQk-y2R0MM,2023-05-30,37441,4676,-,-,17,8.450198322591959,316383.87539616553
"[STATION] ì–‘í¬ì€ X ì²¸ (CHEN) 'ë‚˜ì˜ ê½ƒ, ë„ˆì˜ ë¹› (Bloom)' MV",LHTji0cBhEU,2023-05-30,334282,49061,-,4,21,10.800819700808985,3610519.611225829
"[STATION] ì–‘í¬ì€ X ì²¸ (CHEN) 'ë‚˜ì˜ ê½ƒ, ë„ˆì˜ ë¹› (Bloom)' MV Teaser",Mb9PuH3g6yk,2023-05-29,76869,13861,-,-,34,9.536834420213353,733086.9250473803
YESUNG 'æŸã®é–“ã®æ‹' MV,TojVe_CYHjk,2023-05-24,444477,27681,-,5,15,10.228501536246666,4546333.6773263095
SM Classics TOWN Orchestra 'Hello Future (Orchestra Ver.)' MV,V3tJfvXZxe8,2023-05-19,521462,83392,-,5,37,11.331307660484518,5908846.355251578
SM Classics TOWN Orchestra 'Hello Future (Orchestra Ver.)' MV Teaser,GbXHb56g01c,2023-05-18,92888,15862,-,-,35,9.671681590643265,898383.1595916717
YESUNG 'æŸã®é–“ã®æ‹' MV Teaser,4OtvJuOFCq0,2023-05-12,73629,8820,-,-,49,9.084777149000837,668903.0567037826
SUNGMIN ì„±ë¯¼ 'ì‚¬ë‘ì´ ë”°ë” (Lovesick)' MV,0Wn8S14byoY,2023-05-10,331067,16630,-,3,17,9.718963572186974,3217628.1129532247
SUNGMIN ì„±ë¯¼ 'ì‚¬ë‘ì´ ë”°ë” (Lovesick)' MV Teaser #2,QgI4e76DEOA,2023-05-08,46107,4429,-,-,32,8.395929103923198,387111.1031945869
aespa ì—ìŠ¤íŒŒ 'Spicy' MV,Os_heh8vPfs,2023-05-08,108254611,1241137,-,3,25,14.03153845293655,1518978736.954188
SUNGMIN ì„±ë¯¼ 'ì‚¬ë‘ì´ ë”°ë” (Lovesick)' MV Teaser #1,GIHnCkdqM0U,2023-05-07,63315,5654,-,-,23,8.640118538253535,547049.1052495226
aespa ì—ìŠ¤íŒŒ 'Spicy' MV Teaser,KO5U18aeOF4,2023-05-06,365453,44804,-,-,29,10.71005270013163,3914020.8894212046
aespa ì—ìŠ¤íŒŒ 'Spicy' MV Teaser,lUusUqBiWlc,2023-05-06,2152592,189484,-,-,29,12.152059867222297,26158426.85370378
[STATION] ìµœê°•ì°½ë¯¼ X í•˜í˜„ìš° (êµ­ì¹´ìŠ¤í…) 'HYBRID' MV,CCODvb5wGLc,2023-05-04,252419,13966,-,-,5,9.54438108340598,2409183.128692254
[STATION] ìµœê°•ì°½ë¯¼ X í•˜í˜„ìš° (êµ­ì¹´ìŠ¤í…) 'HYBRID' MV Teaser,D7AplTF6e2k,2023-05-03,73552,5903,-,-,23,8.683215975240689,638667.9014109031
aespa ì—ìŠ¤íŒŒ 'Welcome To MY World (Feat. nÃ¦vis)' MV,0xdB_vo4r2c,2023-05-02,19535216,582838,-,3,32,13.27566455364843,259342974.59906566
ScreaM Records 'SCREAM! ep.1 : Journey of Emotions' MV,Kit8hBmNgw0,2023-04-28,44449,2928,-,5,15,7.982074875081202,354795.2461224843
ScreaM Records 'SCREAM! ep.1 : Journey of Emotions' MV Teaser,luHA5MKSlWY,2023-04-27,34659,2324,-,-,24,7.751045117971802,268643.47274378466
[STATION] ê°•íƒ€ (KANGTA) X ì´ì•„ë¦„ 'When I Close My Eyes' MV,IR8Z2RSrCjs,2023-04-22,60943,4778,-,-,4,8.471777327885755,516295.52569334157
[STATION] ê°•íƒ€ (KANGTA) X ì´ì•„ë¦„ 'When I Close My Eyes' MV Teaser,nwk-x2dsHwA,2023-04-19,25982,2550,-,-,33,7.843848638152472,203798.87531647753
NCT DOJAEJUNG ì—”ì‹œí‹° ë„ì¬ì • 'Perfume' MV,7nRiE4sLLxE,2023-04-17,26436403,611067,-,3,7,13.322961888443066,352211189.63652194
NCT DOJAEJUNG ì—”ì‹œí‹° ë„ì¬ì • 'Perfume' MV Teaser,mqhzLxK4paw,2023-04-15,628232,94448,-,-,29,11.45580469748047,7196903.096707551
WayV å¨ç¥V 'Phantom (Pierre Blanche Remix)' MV,JjB0tDhLiBw,2023-04-14,108122,14458,-,4,18,9.579003173560242,1035700.9811316804
WayV å¨ç¥V 'Phantom (Pierre Blanche Remix)' MV Teaser,CKsVvBdcOiA,2023-04-13,37709,6066,-,-,39,8.710454688248527,328462.5358391637
[STATION : NCT LAB] MARK ë§ˆí¬ 'Golden Hour' MV,EUsUqd20c_k,2023-04-07,6331451,507638,-,3,21,13.137523874116482,83179588.67029868
[STATION : NCT LAB] MARK ë§ˆí¬ 'Golden Hour' MV Teaser,MjHNfPOewBw,2023-04-06,463196,74584,-,-,23,11.21968128597653,5196911.492939184
[SM Classics] ì„œìš¸ì‹œë¦½êµí–¥ì•…ë‹¨ 'ë‹¤ì‹œ ë§Œë‚œ ì„¸ê³„ (Into The New World) (Orchestra Ver.)' MV,xhXoiQDloV8,2023-03-31,1136196,88617,-,5,44,11.392078991776954,12943634.582141008
[SM Classics] ì„œìš¸ì‹œë¦½êµí–¥ì•…ë‹¨ 'ë‹¤ì‹œ ë§Œë‚œ ì„¸ê³„ (Into The New World) (Orchestra Ver.)' MV Teaser,7LCKyLsw0fI,2023-03-30,75049,8410,-,-,34,9.037176752966994,678231.07813342
SEULGI ìŠ¬ê¸° '28 Reasons (CIFIKA Remix)' MV,ALJZYurWD5k,2023-03-17,149713,9986,-,4,1,9.208939391060555,1378697.943053849
SEULGI ìŠ¬ê¸° '28 Reasons (CIFIKA Remix)' MV Teaser,WTHlPnwGSjY,2023-03-16,51380,5035,-,-,36,8.524168805152662,437971.7932087438
SEULGI ìŠ¬ê¸° 'Los Angeles (Moksi Remix)' MV,ikUMALKqCHs,2023-03-15,308169,23782,-,3,6,10.076684270997523,3105321.715109036
SEULGI ìŠ¬ê¸° 'Los Angeles (Moksi Remix)' MV Teaser,Xg6TuF1QV1I,2023-03-14,89375,9432,-,-,35,9.151863442217207,817947.7951481629
KAI ì¹´ì´ 'Rover' MV,zlTIextYnyQ,2023-03-13,58259918,1581883,-,3,3,14.274126467558347,831609437.5215789
KAI ì¹´ì´ 'Rover' MV Teaser,vmqekZ4VmDs,2023-03-11,756493,99866,-,-,27,11.511584566367388,8708433.143364964
ONEW ì˜¨ìœ  'O (Circle)' MV,30VMl9ZkmgE,2023-03-06,6604313,93611,-,3,33,11.44690317692811,75598931.46112762
ONEW ì˜¨ìœ  'O (Circle)' MV Teaser,iBNo3ZE9nEw,2023-03-01,154507,18609,-,-,36,9.831400613641227,1519020.214611865
[STATION] LIM KIM (ë¦¼í‚´) X JAMIE (ì œì´ë¯¸) 'Love Me Crazy' MV,aPPq_FJC-BU,2023-02-28,438078,30107,-,3,15,10.312512981839049,4517685.0620580865
[STATION] LIM KIM (ë¦¼í‚´) X JAMIE (ì œì´ë¯¸) 'Love Me Crazy' MV Teaser,DpVmshzRfP8,2023-02-27,93639,6983,-,-,28,8.851233902846035,828820.6914285999
YESUNG ì˜ˆì„± 'Floral Sense (Feat. ìœˆí„° of aespa)' MV,dK7a9rDgU3g,2023-02-27,1086879,57635,-,4,10,10.961885301035114,11914242.934103744
YESUNG ì˜ˆì„± 'Floral Sense (Feat. ìœˆí„° of aespa)' MV Teaser,xShZkAO0Osc,2023-02-23,127152,13755,-,-,34,9.529157673358675,1211651.4564829022
NCT 127 ì—”ì‹œí‹° 127 'ì§ˆì£¼ (2 Baddies) (No Identity Remix)' MV,TQt34YfY0QA,2023-02-17,254786,28964,-,3,28,10.273808958508711,2617622.6893026005
NCT 127 ì—”ì‹œí‹° 127 'ì§ˆì£¼ (2 Baddies) (No Identity Remix)' MV Teaser,I_kJ_Xh9ywk,2023-02-15,85272,12428,-,-,30,9.427707270512938,803919.4543711792
KEY í‚¤ 'Killer' MV,dUd_9R_qJSg,2023-02-13,7328914,162047,-,4,21,11.995641695593639,87915026.36181995
KEY í‚¤ 'Killer' MV Teaser,LiKeTgIwb8s,2023-02-11,172116,25130,-,-,32,10.131817630537638,1743847.9232976162
NCT DREAM 'Best Friend Ever' MV,p8lbdZtjWAM,2023-02-08,18957454,652814,-,3,41,13.389047528480502,253822252.6249828
NCT DREAM 'Best Friend Ever' MV Teaser,rELTpLv1rtM,2023-02-06,1001434,153069,-,-,27,11.938644079105636,11955764.094715074
NCT 127 ì—”ì‹œí‹° 127 'Ay-Yo' MV,R9XpA_zXDDI,2023-01-30,25452673,795079,-,3,47,13.586196759768674,345805023.4400516
NCT 127 ì—”ì‹œí‹° 127 'Ay-Yo' MV Teaser,HjNmL6BZPYs,2023-01-29,1021876,155398,-,-,28,11.953744846819994,12215244.969089027
YESUNG ì˜ˆì„± 'Small Things' MV,-g8BzILb4pM,2023-01-25,875330,58724,-,3,40,10.98060378085935,9611651.907499615
YESUNG ì˜ˆì„± 'Small Things' MV Teaser #2,krs9yQZA76I,2023-01-24,63121,9611,-,-,28,9.170663554823284,578861.4542440005
YESUNG ì˜ˆì„± 'Small Things' MV Teaser #1,Xit7ZR3u-vw,2023-01-20,134131,17359,-,-,20,9.761866382868549,1309368.8998005413
ISAK N JIYEON ì´ì‚­ ì•¤ ì§€ì—° 'One' MV,x4QJuTH7g0M,2023-01-19,71013,3571,-,4,47,8.18060094759445,580929.0150915246
GOT the beat ê°“ ë” ë¹„íŠ¸ 'Stamp On It' MV,likYKQXBLbw,2023-01-16,16245679,643651,-,-,4,13.374911932725974,217284525.91233575
GOT the beat ê°“ ë” ë¹„íŠ¸ 'Stamp On It' MV Teaser,OAalKF4ipxQ,2023-01-14,1242062,137511,-,-,47,11.831459192888934,14695405.868038015
'The Cure' MV Behind the Scenes,9SCCdYJWhic,2023-01-14,237718,18459,-,20,4,9.8233073354086,2335176.9731586617
JAEHYUN ì¬í˜„ 'Forever Only (SHINDRUM Remix)' MV,TqhApDwtcC4,2023-01-06,281014,38183,-,3,30,10.550145669363118,2964738.6351304073
JAEHYUN ì¬í˜„ 'Forever Only (SHINDRUM Remix)' MV Teaser,MEaPv3o-beE,2023-01-05,117059,16580,-,-,23,9.715952428689286,1137339.6753499391
"'The Cure' MV | KANGTA, BoA, U-KNOW, LEETEUK, TAEYEON, ONEW, SUHO, IRENE, TAEYONG, MARK, KUN, KARINA",Gn7pr7RGPoM,2023-01-01,1839371,132427,-,4,1,11.793786829187107,21693149.47378872
ì˜¤ëŠ˜ ì§„ì§œ ê°€ë³ê³  ëŠë‚Œ ì¢‹ì•„ìš”â˜€ï¸â›±ï¸ | aespa W Korea Photoshoot Behind,QxP4eiaubEQ,2023-06-30,165617,14773,-,10,40,9.600556469321608,1590015.3607796368
Gucci Cruise 2024 Behind + Unboxing Gift â¤ï¸ğŸ’š | Ã¦CONIC #01,bsQUGHKCdfc,2023-06-21,242359,16846,-,2,16,9.73186851887531,2358605.9223661013
Run Run Run Kitty Kitty Run Run ğŸˆâ€â¬› with #TAEYONG #aespa #ì—ìŠ¤íŒŒ #KARINA #ì¹´ë¦¬ë‚˜ #MYWORLD #SaltyandSweet,SgXRNgQToMg,2023-06-17,4739641,399342,-,-,13,12.897573471591983,61129868.0264697
NINGNING at CannesğŸ¹ğŸŒ´ğŸ–¤ | NINGâ€™S LOG,Won5pPJVPyA,2023-06-16,277345,24549,-,8,20,10.10842639919549,2803521.5196848735
#SpicyChallenge ğŸ”¥ with #TAEYONG #íƒœìš© #ìŠ¤íŒŒì´ì‹œì±Œë¦°ì§€ #aespa #Ã¦spa #ì—ìŠ¤íŒŒ #Spicy #aespa_Spicy #shorts,bL1yTcx6jFs,2023-06-15,2166615,171736,-,-,27,12.053713692933924,26115756.892816033
aespa at Gov Ball NYCğŸ—½ğŸ¸âš¡ï¸ #aespa #ì—ìŠ¤íŒŒ #govballnyc #aespaatGovBallNYC #shorts,VMdk5UXP3A8,2023-06-14,276952,38452,-,-,43,10.557165989185707,2923828.23503696
Unboxing aespa The 3rd Mini Album 'MY WORLD' ğŸ’¿ğŸ’˜,bfK51JPgUqw,2023-06-14,54465,6653,-,1,21,8.802823159741887,479445.76339534187
Our first pitch at Yankee Stadiumâš¾ï¸ğŸ’« #aespa #ì—ìŠ¤íŒŒ #NewYorkYankees #Yankees #shorts,8bmMNmdpR2Q,2023-06-13,238432,30442,-,-,42,10.323578512839612,2461471.4719733745
Unboxing 'MY WORLD' Album with NPC aespa ğŸ«¶ #aespa #ì—ìŠ¤íŒŒ #MYWORLD #aespa_MYWORLD #shorts,BiIrOwRGPPc,2023-06-13,346755,48955,-,-,13,10.798656787788172,3744488.2344494876
POV: you're my phone under the Brooklyn Bridgeâœ¨ #aespa #ì—ìŠ¤íŒŒ #KARINA #ì¹´ë¦¬ë‚˜ #shorts,PZjpvOXqYa8,2023-06-12,320671,40496,-,-,10,10.608958482784905,3401985.3256331184
ì ì‹¬(?)ì„ ë¨¹ê³  Growing upâ£ï¸ | aespa ì—ìŠ¤íŒŒ 'Spicy' ìŒì•…ë°©ì†¡ ë¹„í•˜ì¸ë“œ,c2kzZ24NmHc,2023-06-11,477574,34533,-,12,24,10.449670667583172,4990491.019400366
aespa 'Hold On Tight' MV | Tetris Motion Picture Soundtrack,1XZRhrt1Tkg,2023-06-06,1741730,119007,-,2,42,11.686937593893042,20355489.81541133
ğŸ’„âœ¨ #aespa #NINGNING #CannesFilmFestival #Cannes2023 #aespaatCannes #yslbeauty #shorts,uTcBJtHPbak,2023-06-05,425900,47353,-,-,9,10.765385454579738,4584977.6651055105
aespa ì—ìŠ¤íŒŒ 'Spicy' Recording Behind The Scenes,j8S8wmVKhr4,2023-06-01,1794235,89025,-,27,42,11.39667250814598,20448308.6976533
Run Run Run Kitty Kitty Run Run ğŸˆâ€â¬› #aespa #ì—ìŠ¤íŒŒ #KARINA #ì¹´ë¦¬ë‚˜ #MYWORLD #SaltyandSweet #shorts,RHZrGiwg7fI,2023-06-01,2759506,258624,-,-,14,12.463130548438146,34392083.52719835
aespa ì—ìŠ¤íŒŒ 'Welcome To MY World (Feat. nÃ¦vis)' Recording Behind The Scenes,vGwLHGBi_D4,2023-05-30,462077,46891,-,15,51,10.755581038365076,4969906.619464619
aespa ì—ìŠ¤íŒŒ 'Iâ€™m Unhappy' Track Video Behind The Scenes,KcUi7bKZkgE,2023-05-29,192208,20381,-,12,47,9.922358373286379,1907156.6582126282
yummyğŸ¤© #aespa #ì—ìŠ¤íŒŒ #MYWORLD #aespa_MYWORLD #Spicy #aespa_Spicy #shorts,MsHYQXNC2q0,2023-05-29,923169,86190,-,-,20,11.364309440641446,10491178.182007523
aespa ì—ìŠ¤íŒŒ 'â€˜Til We Meet Again' Special Video,QeTNjrmsUwc,2023-05-28,392049,43050,-,2,38,10.670117509855876,4183208.899621486
ğŸ’™ğŸŒ™aespa at Cannesâ­ï¸ğŸ¦‹ #aespa #ì—ìŠ¤íŒŒ #CannesFilmFestival #Cannes2023 #aespaatCannes #Chopard #shorts,FbIDk92DHU8,2023-05-27,378982,43913,-,-,19,10.689965682788792,4051304.574394662
aespa ì—ìŠ¤íŒŒ 'Thirsty' + 'Salty & Sweet' Track Video Behind The Scenes,-vEHJOch77M,2023-05-26,276487,21415,-,16,45,9.971846890049472,2757086.0310891084
#SpicyChallenge â¤ï¸â€ğŸ”¥ with #ë¯¸ì£¼ #ìŠ¤íŒŒì´ì‹œì±Œë¦°ì§€ #aespa #Ã¦spa #ì—ìŠ¤íŒŒ #Spicy #aespa_Spicy #ì…€í°ì½”ë“œ #shorts,cpcuAcbTrjE,2023-05-25,1357323,79800,-,-,22,11.2872787834379,15320483.100172281
Salty & Sweet and yaaaangâ€¦ğŸ¦– #yaaaang #dinosaurchant #aespa #ì—ìŠ¤íŒŒ #MYWORLD #SaltyandSweet #shorts,jsSEqE6Lg-U,2023-05-24,609759,69889,-,-,11,11.154663548170214,6801656.490468722
aespa ì—ìŠ¤íŒŒ â€˜MY WORLDâ€™ Jacket Behind The Scenes,hy2U1tPYNhw,2023-05-23,188824,16908,-,20,32,9.73554216168668,1838304.013138326
#SpicyChallenge ğŸ¥µ with #ë°•ì¬ë²” #ìŠ¤íŒŒì´ì‹œì±Œë¦°ì§€ #aespa #Ã¦spa #ì—ìŠ¤íŒŒ #Spicy #aespa_Spicy #shorts,sJH3qJOyd2o,2023-05-23,1228738,72245,-,-,20,11.187818399427712,13746897.604476009
ìš°ë¦° í•œê³„ë¥¼ ì•ì„œ Wow x3 ğŸ’¥ MY ë•ë¶„ì´ì—ìš”! ì¸ê°€ 1ìœ„ê¹Œì§€ ê³ ë§ˆì›Œìš”ğŸ’ğŸ† #aespa #ì—ìŠ¤íŒŒ #Spicy #aespa_Spicy #Spicy4thwin #ì¸ê¸°ê°€ìš”,-9TTSwSggKc,2023-05-23,255566,25395,-,-,19,10.142307583235345,2592028.979817124
#SpicyChallenge ğŸ’ with #KIMCHAEWON #ê¹€ì±„ì› ğŸ‘¿ğŸ° #ìŠ¤íŒŒì´ì‹œì±Œë¦°ì§€ #aespa #Ã¦spa #ì—ìŠ¤íŒŒ #Spicy #aespa_Spicy #shorts,illwwKfv1UY,2023-05-21,4456015,248395,-,-,26,12.422775500014396,55356073.96969665
#SpicyChallenge â¤ï¸â€ğŸ”¥ with #YUQI #ìŠ¤íŒŒì´ì‹œì±Œë¦°ì§€ #aespa #Ã¦spa #ì—ìŠ¤íŒŒ #Spicy #aespa_Spicy #shorts,7rEWKNzngtE,2023-05-21,1635002,112288,-,-,20,11.628822278382941,19013147.682800665
YONSEI youâ€™re too Spicy for my heartğŸ’™ Thank youğŸ¤,9dPKOESYMow,2023-05-21,165694,15077,-,1,41,9.62092568277892,1594129.6600823703
I'm too Spicy for your heartğŸ©µ #aespa #ì—ìŠ¤íŒŒ #Spicy #aespa_Spicy #ì—°ì„¸ëŒ€í•™êµ #ì•„ì¹´ë¼ì¹´ #shorts,ZjKyc2dXfmw,2023-05-20,347489,34511,-,-,45,10.449033392780306,3630924.1646238356
ì•„ ìš°ë¦¬ ì‹ ì…ìƒì´êµ¬ë‚˜?! ğŸ¤”ğŸ’­ğŸ‘€ | aespaâ€™s Spicy Love Letter ğŸ’Œ,Iec3Sa8PC8s,2023-05-20,305335,20828,-,29,8,9.944053514282789,3036267.5797835356
ë›°ì–´ë“¤ì–´ ë´ Just right nowğŸ‘‡ğŸ¥° MY!! ìŒì¤‘ 1ìœ„ ê³ ë§ˆì›Œìš”ğŸ† #aespa #ì—ìŠ¤íŒŒ #Spicy #aespa_Spicy #Spicy3rdwin #ì‡¼ìŒì•…ì¤‘ì‹¬,ep7Tg5840TI,2023-05-20,159792,19807,-,-,7,9.893790689557264,1580948.6018657342
ê¸°ì„¸ê°€ ë‹¤ë¥¸ Move ë„ ì••ë„í•˜ëŠ” Groove MYğŸ¥¹ ë®¤ë±… 1ìœ„ ê°ì‚¬í•©ë‹ˆë‹¤â¤ï¸â€ğŸ”¥ğŸ† #aespa #ì—ìŠ¤íŒŒ #Spicy #aespa_Spicy #Spicy2ndwin #ë®¤ì§ë±…í¬,nhYa2Zf9H0E,2023-05-19,360139,32814,-,-,18,10.398610532574828,3744945.198590966
My life - aespa = 0 #meinpublicmymind #aespa #ì—ìŠ¤íŒŒ #NINGNING #ë‹ë‹ #MYWORLD  #ImUnhappy #shorts,vaxMULxy-rU,2023-05-19,298002,40755,-,-,38,10.615333810528558,3163390.7062051315
ìŠ¤íŒŒì´ì‹œí•˜ë‹¤ ì˜ì§€ì•¼ğŸŒ¶ï¸ğŸš¨#ì¹´ë¦¬ë‚˜ with #ì´ì˜ì§€ #SpicyChallenge #ìŠ¤íŒŒì´ì‹œì±Œë¦°ì§€ #aespa #ì—ìŠ¤íŒŒ #KARINA #Spicy #ì°¨ë¦°ê±´ì¥ë¿”ë„ì—†ì§€ë§Œ #shorts,JNVhm1UqJZc,2023-05-19,4936931,250557,-,-,42,12.43144171853282,61373169.99491795
ê¹œë¹¡ í•œìˆœê°„ ëŒì–´ë‹¹ê²¨ You'll be mine ğŸ† MYë“¤ ì— ì¹´ 1ìœ„ ê³ ë§ˆì›Œìš”ğŸŒ¶ğŸ«¶ #aespa #ì—ìŠ¤íŒŒ #Spicy #Spicy1stwin #ì— ì¹´ìš´íŠ¸ë‹¤ìš´ #shorts,OQk_JmVUHfo,2023-05-18,429276,33407,-,-,10,10.416520737844118,4471562.356258771
the reason why iâ€™m busy at workğŸ‘©â€ğŸ’»ğŸ’­ #meinpublicmymind #aespa #ì—ìŠ¤íŒŒ #WINTER #ìœˆí„° #SaltyandSweet #shorts,g0viUoqVzJg,2023-05-18,604484,68646,-,-,28,11.136718142928999,6731967.929910293
#ê¹€ì¢…êµ­ ì„ ë°°ë‹˜ê³¼ í•¨ê»˜ #SpicyChallenge ğŸ’ªğŸ˜¬ #ìŠ¤íŒŒì´ì‹œì±Œë¦°ì§€ #aespa #Ã¦spa #ì—ìŠ¤íŒŒ #Spicy #aespa_Spicy #ì§ì¢…êµ­ #shorts,mQucOIWaOR8,2023-05-18,1397351,56008,-,-,22,10.933249816657034,15277587.564555522
#SpicyChallengeğŸ¥µ with #HONGEUNCHAE #í™ì€ì±„ ğŸ‘¿ğŸ° #ìŠ¤íŒŒì´ì‹œì±Œë¦°ì§€ #aespa #ì—ìŠ¤íŒŒ #KARINA #NINGNING #LE_SSERAFIM #ë¥´ì„¸ë¼í•Œ,L9783xqiKeA,2023-05-18,1065541,79807,-,-,21,11.287366498889034,12027151.78659272
My life is complete with aespa and a cup of coffee â˜•ï¸ğŸ§ #meinpublicmyheadphone #aespa #GISELLE,129cYz92Lp4,2023-05-17,315693,40555,-,-,22,10.610414356504446,3349633.539447958
Random sauce game: which one is Spicy? ğŸ¥µ #SpicyGame #aespa #ì—ìŠ¤íŒŒ #KARINA #WINTER #Spicy #shorts,mhnBpbMWnH4,2023-05-17,1771371,160854,-,-,23,11.98825240024731,21235642.642478477
Random sauce game: which one is Spicy? ğŸ¤¯ #SpicyGame #aespa #ì—ìŠ¤íŒŒ #GISELLE #NINGNING #Spicy #shorts,-jtQR3IhzAU,2023-05-17,512136,65481,-,-,25,11.089515303207188,5679340.009323317
todayâ€™s mood: too Spicy ğŸ¥µğŸ”¥ #walkingtypes #aespa #ì—ìŠ¤íŒŒ #GISELLE #WINTER #Spicy #aespa_Spicy #shorts,ztlROkiWFtY,2023-05-16,1000990,84771,-,-,12,11.347708782159037,11358943.013853375
todayâ€™s mood: Spicy ğŸ¥µ #walkingtypes #aespa #ì—ìŠ¤íŒŒ #KARINA #NINGNING #Spicy #aespa_Spicy #shorts,cYdtvRvGJD4,2023-05-16,2607427,193829,-,-,12,12.174731606046924,31744723.907360114
aespa ì—ìŠ¤íŒŒ 'Spicy' MV Behind The Scenes,59xPZBacM5c,2023-05-15,428750,31628,-,16,51,10.361798083190818,4442620.928168063
Today i wanted to eat something spicyğŸ¤™ğŸŒ¶ï¸ #meme #quaso #aespa #ì—ìŠ¤íŒŒ #Spicy #aespa_Spicy #shorts,7DfldFk9ohs,2023-05-15,536113,93571,-,-,18,11.446475785398915,6136604.472737568
ë˜ ë‹¤ë¥¸ ë‚˜ë¥¼ ì°¾ì•„ë‚´ I'm too Spicyâ¤ï¸â€ğŸ”¥ #SpicyChallenge #ìŠ¤íŒŒì´ì‹œì±Œë¦°ì§€ #aespa #Ã¦spa #ì—ìŠ¤íŒŒ #Spicy #aespa_Spicy,8IKtNmK5EkQ,2023-05-15,1013923,71007,-,-,22,11.170533742712921,11326061.084012713
#SpicyChallenge â¤ï¸â€ğŸ”¥ with #HUHYUNJIN #í—ˆìœ¤ì§„ ğŸ‘¿ğŸ° #ìŠ¤íŒŒì´ì‹œì±Œë¦°ì§€ #aespa #Ã¦spa #ì—ìŠ¤íŒŒ #Spicy #aespa_Spicy,GZH-d9MYLuc,2023-05-15,1834634,133615,-,-,23,11.802717809231368,21653667.38522138
#SpicyChallenge ğŸ¥µğŸ¤¯ with #ì„œì€ê´‘ #ì´ì°½ì„­ ğŸ€ #ìŠ¤íŒŒì´ì‹œì±Œë¦°ì§€ #aespa #Ã¦spa #ì—ìŠ¤íŒŒ #Spicy #aespa_Spicy #shorts,Hcjmcr1Lb38,2023-05-15,2070669,108039,-,-,24,11.590247552032542,23999566.308319673
my social ego vs k-pop ego ğŸ§â¤ï¸â€ğŸ”¥ #meinpublicmyheadphone #aespa #ì—ìŠ¤íŒŒ #KARINA #ì¹´ë¦¬ë‚˜ #Spicy #shorts,5q26CpS_pRc,2023-05-14,2664226,237382,-,-,19,12.377425936884634,32976259.9941224
ë„ˆëŠ” ë‹¿ì„ìˆ˜ë¡ Thirsty ğŸ«¶ #aespa #ì—ìŠ¤íŒŒ #MYWORLD #aespa_MYWORLD #Thirsty #aespa_Thirsty #shorts,Mczt92misA4,2023-05-14,234511,22929,-,-,21,10.040157763910994,2354527.4373725313
#SpicyChallenge â˜„ï¸ with JUNGWOOğŸ¾ #ìŠ¤íŒŒì´ì‹œì±Œë¦°ì§€ #aespa #Ã¦spa #ì—ìŠ¤íŒŒ #Spicy #aespa_Spicy #shorts,6dnCK_H7KSk,2023-05-13,1416312,103427,-,-,22,11.546621328826953,16353618.34747356
#SpicyChallenge ğŸ¥µ with MINHYUKğŸ§‘â€ğŸ³ #ìŠ¤íŒŒì´ì‹œì±Œë¦°ì§€ #aespa #Ã¦spa #ì—ìŠ¤íŒŒ #Spicy #aespa_Spicy #shorts,iLhyDWVIKvA,2023-05-13,715362,61520,-,-,27,11.027117604179526,7888380.903561074
#SpicyChallenge ğŸš¨ with JOOHONEYğŸ #ìŠ¤íŒŒì´ì‹œì±Œë¦°ì§€ #aespa #Ã¦spa #ì—ìŠ¤íŒŒ #Spicy #aespa_Spicy #shorts,X3CknBUcQyI,2023-05-13,1402402,86176,-,-,23,11.364146995611325,15937102.474939313
[REPLAY] aespa ì—ìŠ¤íŒŒ â€˜MY WORLDâ€™ Countdown Live,2jjd2mLGuhc,2023-05-13,126193,10235,-,53,51,9.23356849809539,1165211.7094801515
#SpicyChallenge ğŸ”¥ with #ëŸ­í‚¤ì˜¤ë¹  âœ¨ #ìŠ¤íŒŒì´ì‹œì±Œë¦°ì§€ #aespa #Ã¦spa #ì—ìŠ¤íŒŒ #Spicy #aespa_Spicy #shorts,S6J7_a8vrNU,2023-05-13,504704,34810,-,-,24,10.457659980805484,5278022.822952451
Salty & SweetğŸ˜¾ğŸ˜» #aespa #Ã¦spa #ì—ìŠ¤íŒŒ #SaltyandSweet #shorts,mZbMqSuNllc,2023-05-11,563379,62427,-,-,5,11.04175315308089,6220691.849629559
Salty & SweetğŸ¥¨ğŸ« #aespa #Ã¦spa #ì—ìŠ¤íŒŒ #SaltyandSweet #shorts,KZGpDTD9YQU,2023-05-11,600431,65133,-,-,5,11.084186612202346,6655289.251751267
ìš°ë¦° í•œê³„ë¥¼ ì•ì„œâ˜„ï¸ #SpicyChallenge #ìŠ¤íŒŒì´ì‹œì±Œë¦°ì§€ #aespa #Ã¦spa #ì—ìŠ¤íŒŒ #Spicy #aespa_Spicy #shorts,-PT9iIHVOHc,2023-05-11,1829336,113196,-,-,25,11.636876108437853,21287756.39270527
ì‹¬ì¥ì„ íŒŒê³ ë“¤ì–´ ë„Œâ¤ï¸â€ğŸ”¥ #SpicyChallenge #ìŠ¤íŒŒì´ì‹œì±Œë¦°ì§€ #aespa #Ã¦spa #ì—ìŠ¤íŒŒ #Spicy #aespa_Spicy #shorts,2aYmuET9HQw,2023-05-11,2356909,126276,-,-,21,11.746225266528812,27684784.046709158
Don't Stop ê²ë‚´ì§€ ë§ˆğŸš¨ #SpicyChallenge #ìŠ¤íŒŒì´ì‹œì±Œë¦°ì§€ #aespa #Ã¦spa #ì—ìŠ¤íŒŒ #Spicy #aespa_Spicy #shorts,3q39cVo-liM,2023-05-11,1382819,95179,-,-,20,11.463514608211,15851965.807011727
â€˜Cause I'm too Spicy for your heartğŸ¥µ #SpicyChallenge #ìŠ¤íŒŒì´ì‹œì±Œë¦°ì§€ #aespa #Ã¦spa #ì—ìŠ¤íŒŒ #Spicy #aespa_Spicy,FDHCUd_2QUc,2023-05-11,3338574,228694,-,-,27,12.340140144424046,41198471.042530365
#SpicyChallengeğŸ”¥ with MIYEON #ìŠ¤íŒŒì´ì‹œì±Œë¦°ì§€ #aespa #Ã¦spa #ì—ìŠ¤íŒŒ #Spicy #aespa_Spicy #shorts,UmqzKW8DIkU,2023-05-11,4779538,239374,-,-,27,12.385782461362629,59198317.93381622
#ë°•ëª…ìˆ˜ ì„ ë°°ë‹˜ ê·¸ë¦¬ê³  ê°€í¬&í˜œì •ì´...ğŸ”¥ğŸ’ª #SpicyChallenge #ìŠ¤íŒŒì´ì‹œì±Œë¦°ì§€ #aespa #Ã¦spa #ì—ìŠ¤íŒŒ #Spicy #aespa_Spicy #shorts,uziE4f4Nnrs,2023-05-11,281543,19264,-,-,26,9.865993348108548,2777701.3652065247
our 1117th tryâ€¦ğŸ¤£ğŸŒ¶ï¸ #SpicyChallenge #ìŠ¤íŒŒì´ì‹œì±Œë¦°ì§€ #aespa #Ã¦spa #ì—ìŠ¤íŒŒ #Spicy #aespa_Spicy #shorts,9tOQBXHQlZc,2023-05-10,1902633,149288,-,-,28,11.913632605213307,22667270.54455481
come with aespaâœ¨ #SpicyChallenge #ìŠ¤íŒŒì´ì‹œì±Œë¦°ì§€ #aespa #Ã¦spa #ì—ìŠ¤íŒŒ #Spicy #aespa_Spicy #shorts,_SlSst9j-Ys,2023-05-10,988226,80165,-,-,28,11.291842289622938,11158892.138504917
Spicy #DanceTutorial with KARINA & NINGNINGâ¤ï¸â€ğŸ”¥ #SpicyChallenge  #ìŠ¤íŒŒì´ì‹œì±Œë¦°ì§€ #SpicyTutorial #ìŠ¤íŒŒì´ì‹œíŠœí† ë¦¬ì–¼,h8qK4cbpRAA,2023-05-09,1022573,74329,-,-,19,11.216256464110744,11469441.021275116
Spicy #DanceTutorial with GISELLE & WINTERâ¤ï¸â€ğŸ”¥ #SpicyChallenge  #ìŠ¤íŒŒì´ì‹œì±Œë¦°ì§€ #SpicyTutorial #ìŠ¤íŒŒì´ì‹œíŠœí† ë¦¬ì–¼,6FsrQ4cSVRw,2023-05-09,1320109,85654,-,-,22,11.358071204354712,14993892.019509494
ê°™ì´ ê·¸ëƒ¥ ì‹ ë‚˜ì£¼ì„¸ìš” ğŸ¤™ğŸ¥³ | aespa ì—ìŠ¤íŒŒ 'Spicy' ì‘ì›ë²•,oPY3AfGoyYQ,2023-05-09,305749,30602,-,4,52,10.328820645281759,3158026.5834742524
â¤ï¸â€ğŸ”¥ğŸ’™ğŸŒ™â­ï¸ğŸ¦‹â¤ï¸â€ğŸ”¥ #SpicyChallenge #ìŠ¤íŒŒì´ì‹œì±Œë¦°ì§€ #aespa #Ã¦spa #ì—ìŠ¤íŒŒ #Spicy #aespa_Spicy #shorts,T_4qp7Lhe6s,2023-05-09,1316562,84586,-,-,20,11.345524047266652,14937085.830717478
#í—ˆì‹¤ì¥ ë‹˜ê³¼ #SpicyChallenge ğŸ¥³ #aespa #Ã¦spa #ì—ìŠ¤íŒŒ #í—ˆì˜ì§€ #í•œë°¤ #Spicy #aespa_Spicy #shorts,A5CnLMlgrDc,2023-05-09,1874723,90215,-,-,21,11.409950989342398,21390497.54859295
ğŸ¤™SpicyğŸ¥µ (Sped up ver.) #SpicyChallenge #ìŠ¤íŒŒì´ì‹œì±Œë¦°ì§€ #aespa #Ã¦spa #ì—ìŠ¤íŒŒ #Spicy #aespa_Spicy #shorts,wOqpUNLQPNM,2023-05-09,435762,49351,-,-,18,10.806713308080846,4709155.004555926
ğ”–ğ”­ğ”¦ğ” ğ”¶ â„­ğ”©ğ”²ğ”Ÿ #aespa #ì—ìŠ¤íŒŒ #MYWORLD #Spicy #aespa_Spicy #shorts,rrnY685Dv1Q,2023-05-08,247514,29210,-,-,9,10.282266395381786,2545004.8845865275
aespaê°€ ë§ì•„ì£¼ëŠ” í•˜ì´í‹´ ë‹¬ë‹¤ ë‹¬ì•„..ğŸ«° ì•ìœ¼ë¡œ ì—¬ë¦„ì€ ë§¤ìš´ ê±°ë‹¤ğŸ¤™ğŸ¥µâ¤ï¸â€ğŸ”¥ #aespa #ì—ìŠ¤íŒŒ #Spicy #SpicyChallenge #ìŠ¤íŒŒì´ì‹œì±Œë¦°ì§€,kq2BpN6x_aI,2023-05-08,4066985,182427,-,-,22,12.114105371983344,49267884.83627568
aespa 'â€˜Til We Meet Again' (Official Audio),cWsZCogtH98,2023-05-08,875620,59400,-,3,39,10.992049505350737,9624858.387875212
aespa 'I'm Unhappy' (Official Audio),v3L1XdqGnyI,2023-05-08,1389600,73039,-,3,27,11.198748824046977,15561781.36589568
aespa 'Thirsty' (Official Audio),K8P_p4j9T38,2023-05-08,2440502,77471,-,3,14,11.257658951765176,27474339.187100817
aespa 'Salty & Sweet' (Official Audio),sORkB5o3b6o,2023-05-08,2517206,122531,-,3,22,11.716119338176817,29491885.894774713
aespa ì—ìŠ¤íŒŒ 'Welcome To MY World (Feat. nÃ¦vis)' MV Behind The Scenes,VgmgG0WGx84,2023-05-07,341630,33128,-,14,10,10.408134125225404,3555730.8612007545
Getting ready with NPCğŸ«¶,wsMfXIgMBdM,2023-05-05,701327,89000,-,-,20,11.396391648714276,7992597.165817837
Come to work at Thirsty Burger with NPCğŸ«¶,qhzM2xGmJRA,2023-05-05,1610528,145992,-,-,16,11.891307104668652,19151283.048667796
aespa ì—ìŠ¤íŒŒ 'Thirsty' Track Video,i0RCcSBPjuU,2023-05-04,6116993,321700,-,2,26,12.681374713227118,77571880.35118729
Welcoming nÃ¦vis into MY Worldâœ¨,vKzBPvx06c0,2023-05-04,540422,67987,-,-,27,11.127071789411104,6013314.390577128
aespa ì—ìŠ¤íŒŒ 'Salty & Sweet' Track Video,bL0Uxth2Edg,2023-05-03,4191943,292475,-,1,34,12.586134471915802,52760358.296606146
ğŸ¦‹ #aespa #NINGNING #ë‹ë‹ #MYWORLD #WelcomeToMYWorld,v0gI6GLrWBw,2023-05-03,487750,68337,-,-,9,11.132206626549452,5429733.782099496
â­ï¸ #aespa #WINTER #ìœˆí„° #MYWORLD #WelcomeToMYWorld,oiT9uMkuMVE,2023-05-03,232348,36436,-,-,9,10.503312575864701,2440423.6703770114
ğŸŒ™ #aespa #GISELLE #ì§€ì ¤ #MYWORLD #WelcomeToMYWorld,YkpxsVt2ukU,2023-05-03,191415,32592,-,-,9,10.391822138466587,1989150.6346345819
ğŸ’™ #aespa #KARINA #ì¹´ë¦¬ë‚˜ #MYWORLD #WelcomeToMYWorld,tbG_xmQkZb4,2023-05-03,380585,50057,-,-,9,10.82091763510371,4118278.9381559454
aespa ì—ìŠ¤íŒŒ 'I'm Unhappy' Track Video,CC7OrEx5H4U,2023-05-02,5925944,364957,-,2,28,12.807534817405518,75896734.10599533
"Goddess of the Desert, Spirit of the Forest, Fairy of the Wind, and â€¦ â›„ï¸",z07zRKzeh8U,2023-05-02,1007130,95183,-,-,14,11.46355663340511,11545291.792201288
i found a strange phenomenon at aespa.com,T62lOQgMJJ4,2023-04-28,189627,28605,-,-,16,10.261336806702628,1945826.5146445993
aespa ì—ìŠ¤íŒŒ 'MY WORLD' A STRANGE PHENOMENON #WINTER,U4MCGtqLu5U,2023-04-25,455748,76330,-,-,28,11.242821324792516,5123893.33313154
aespa ì—ìŠ¤íŒŒ 'MY WORLD' A STRANGE PHENOMENON #KARINA,2kNkH3Om5qU,2023-04-25,1364724,143930,-,-,28,11.877082349256716,16208939.332007023
ë¨¸ë¦¬ ì˜ëì–´ìš” ğŸ’‡ğŸ»â€â™€ï¸ ê¸°ë¶„ì „í™˜ìœ¼ë¡œğŸ«¢ | WINTER VOGUE Photoshoot Behind,MkzDcpoJsok,2023-04-25,206650,20371,-,5,59,9.921867599817558,2050353.9395022984
aespa ì—ìŠ¤íŒŒ 'MY WORLD' A STRANGE PHENOMENON #NINGNING,SMI7IE1V6vo,2023-04-24,477144,78488,-,-,29,11.270701025843227,5377747.3702749405
aespa ì—ìŠ¤íŒŒ 'MY WORLD' A STRANGE PHENOMENON #GISELLE,GEnedmVPE-s,2023-04-24,717082,92569,-,-,27,11.435709591367065,8200341.5051966775
BREAKING NEWS: A STRANGE PHENOMENON SPOTTED | MY WORLD NEWS,WfW6dJHKtIA,2023-04-23,1794268,140457,-,-,42,11.852656671091069,21266842.579925228
aespa 1st Concert D-Day Behind | â€˜SYNK : HYPER LINEâ€™ Record #04,Ae3Sm0a-ggc,2023-04-19,295875,23102,-,22,42,10.047674472848625,2972855.684654087
aespa ì—ìŠ¤íŒŒ 'MY WORLD' INTRO,teUR4QfuhGE,2023-04-17,1757605,167177,-,-,44,12.026808410361907,21138378.59609414
Hold on tight for a chaotic Ã¦nergy ğŸŒªï¸ğŸ«¶,PKyB3IHWd1g,2023-04-17,4463565,288501,-,-,21,12.57245383112879,56117964.88474238
aespa ì—ìŠ¤íŒŒ 'MY WORLD' #3,b4iqYkgAs7c,2023-04-16,223707,26474,-,-,28,10.183918398273716,2278213.8331226185
aespa ì—ìŠ¤íŒŒ 'MY WORLD' #2,7rHIDyGlnCw,2023-04-16,125058,20802,-,-,35,9.942804414913079,1243427.2345201997
aespa ì—ìŠ¤íŒŒ 'MY WORLD' #1,VXpHDH6TyvI,2023-04-16,120481,23143,-,-,29,10.049447637979663,1210767.5008714278
aespa 1st Concert Stage Practice and Rehearsal Behind | â€˜SYNK : HYPER LINEâ€™ Record #03,h4Od97wrd1Y,2023-04-03,413392,27871,-,26,26,10.235342000707783,4231208.500356592
aespa 'Hold On Tight' (Tetris Motion Picture Soundtrack) Visualizer,fvtzZFhrKLE,2023-03-31,7844352,266979,-,2,30,12.494925282603788,98014592.13044359
ì–´ë–¡í•´!! í™”ë³´ ë„ˆë¬´ ì¬ë°Œì–ì•„ğŸ§¸ğŸ¤ | NINGNING VOGUE plus Photoshoot Behind,qMLcW7FqwJw,2023-03-30,123022,15731,-,6,20,9.663388566822505,1188809.3882676382
aespa 1st Concert VCR Shooting Behind | â€˜SYNK : HYPER LINEâ€™ Record #02,oPwbelxjdCo,2023-03-27,252471,19007,-,13,4,9.852562611350837,2487486.335050357
GYMì ¤ ğŸ‹â€â™€ + ì†œì ¤ì˜ Q&A ğŸ–¤ | GiGi-log,dcfOXczg2hA,2023-03-17,1589901,102008,-,32,24,11.532806520563378,18336020.619850237
ì—¬ê¸°ëŠ” ì•Œë¡ë‹¬ë¡í•œ ì„¸ê³„ì…ë‹ˆë‹¤ ğŸ­ğŸ¬ | aespa Brand Concept Day Photoshoot Behind,NubGJ9lhik0,2023-03-14,231773,20004,-,9,43,9.903687532538795,2295407.3704791144
ë‚˜ë‘ ì°ê³  ì‹¶êµ¬ë‚˜ã€°â“ğŸ˜½ğŸ“¸ | aespa WEEK â€˜Come to MY illusionâ€™ Pop-up Store BehindğŸ”®ğŸ’—,Odtf7vz16GI,2023-03-10,223928,19499,-,7,49,9.878118461185586,2211987.310776366
2023 aespa 1st Concert â€˜SYNK : HYPER LINEâ€™ Recap Video,iirh6qh16l0,2023-03-09,404769,31631,-,3,7,10.361892931354786,4194173.0399315455
â¤ï¸â€ğŸ”¥MYs We love Uâ¤ï¸â€ğŸ”¥ 2023 aespa 1st Concert 'SYNK  HYPER LINE',YfsaNRjbzn4,2023-03-07,218182,30216,-,-,51,10.316126864392293,2250793.1915268395
aespa ì—ìŠ¤íŒŒ 'ep.3 Girls (Donâ€™t you know Iâ€™m a Savage?)' - SM Culture Universe Behind The Scenes,I_bmqViUic4,2023-03-04,505781,40781,-,20,42,10.615971565652215,5369356.714447143
aespa WEEK â€˜Come to MY illusionâ€™ | Pop-up Store Teaser,LtE24gYNg1k,2023-02-23,286242,30908,-,-,15,10.338770329053474,2959390.2965289247
aespa ì—ìŠ¤íŒŒ 'ep.3 Girls (Donâ€™t you know Iâ€™m a Savage?)' - SM Culture Universe,iq-ivLY_9A8,2023-02-23,2371735,204634,-,17,2,12.228978296601758,29003895.84029077
aespa ì—ìŠ¤íŒŒ 'ep.3 Girls (Donâ€™t you know Iâ€™m a Savage?)' Teaser - SM Culture Universe,4Rpp-a1o-8U,2023-02-20,1229559,105496,-,-,58,11.566428316487535,14221606.034392098
aespa 1st Concert Dance Practice Behind | 'SYNK : HYPER LINE' Record #01,z2kw1IygOPQ,2023-02-18,575963,39461,-,7,59,10.583068121374101,6095455.664390991
2023 aespa ì—ìŠ¤íŒŒ 1st Concert 'SYNK : HYPER LINE' KWANGYA VLOG,oHHpVFOpZc4,2023-02-17,502743,47434,-,7,15,10.76709455012484,5413081.415413412
aespa ì—ìŠ¤íŒŒ 'SYNK : HYPER LINE' Spoiler | 'Salty & Sweet' Dance Practice (Short Ver.),w5Y6FtngQ1w,2023-02-16,3225373,178806,-,1,20,12.094056698205506,39007843.93486119
See you at our 1st concert 'SYNK : HYPER LINE'ğŸ‘‹,y7-U_83Lghs,2023-02-11,288869,27565,-,1,2,10.224302131023784,2953483.9322867095
2023 aespa 1st Concert â€˜SYNK : HYPER LINEâ€™ Teaser #KARINA,LuydUFWim0Q,2023-02-08,243686,28319,-,-,30,10.251288236449755,2498095.425187495
2023 aespa 1st Concert â€˜SYNK : HYPER LINEâ€™ Teaser #NINGNING,UXYLIxwJxIU,2023-02-08,128264,18531,-,-,22,9.82720028436401,1260476.0172736652
2023 aespa 1st Concert â€˜SYNK : HYPER LINEâ€™ Teaser #WINTER,Zs6na63N118,2023-02-08,129074,17072,-,-,24,9.745194973541535,1257851.2960149
2023 aespa 1st Concert â€˜SYNK : HYPER LINEâ€™ Teaser #GISELLE,3cGQhQSkUOI,2023-02-08,127411,16629,-,-,22,9.718903438087914,1238295.2059502192
2023 aespa 1st Concert â€˜SYNK : HYPER LINEâ€™ Teaser #aespa,G_XT7kGMfKc,2023-02-08,71622,13135,-,-,24,9.48303570211964,679193.9830572129
ì—¬ê¸°ëŠ” ëˆˆì´ ë§ì´ ì˜¨ ì„¤ì› â˜ƒï¸ | '2022 Winter SMTOWN : SMCU PALACE' Jacket Behind,glA4JyfcjFc,2023-01-20,239633,19210,-,6,40,9.863186255762603,2363544.9120271597
2023ë…„ë„ í•¨ê»˜ í•˜ì‹œì£  ğŸ˜˜ | 2022 ì—°ë§ ë¬´ëŒ€ ë¹„í•˜ì¸ë“œ,yQDXJecJrls,2023-01-15,429307,34383,-,8,4,10.44531753516481,4484247.9350689985
ë°ë‹¤ ë°ì•„! ìš°ë¦¬ ë©¤ë²„ë“¤ âœ¨ğŸŒ³ | aespaâ€™s Sydney Vlog EP.02,Yfhfk08JCtA,2023-01-13,677693,42156,-,12,1,10.649132302053827,7216842.417175764
ì§„ì§œ Vacation ì˜¨ ê¸°ë¶„ì´ì•¼ ğŸ¦˜â˜€ï¸ | aespaâ€™s Sydney Vlog EP.01,tyajG-LpbSk,2023-01-12,995661,55233,-,7,47,10.919315879725316,10871936.968123188
aespa ì—ìŠ¤íŒŒ 'Girls' Stage Video,h-k2PcfFDwk,2023-01-01,5942652,133940,-,4,12,11.805147217464041,70153881.72215712
ì˜¤ëŠ˜ ì§„ì§œ ê°€ë³ê³  ëŠë‚Œ ì¢‹ì•„ìš”â˜€ï¸â›±ï¸ | aespa W Korea Photoshoot Behind,QxP4eiaubEQ,2023-06-30,165617,14773,-,10,40,9.600556469321608,1590015.3607796368
Gucci Cruise 2024 Behind + Unboxing Gift â¤ï¸ğŸ’š | Ã¦CONIC #01,bsQUGHKCdfc,2023-06-21,242359,16846,-,2,16,9.73186851887531,2358605.9223661013
Run Run Run Kitty Kitty Run Run ğŸˆâ€â¬› with #TAEYONG #aespa #ì—ìŠ¤íŒŒ #KARINA #ì¹´ë¦¬ë‚˜ #MYWORLD #SaltyandSweet,SgXRNgQToMg,2023-06-17,4739641,399342,-,-,13,12.897573471591983,61129868.0264697
NINGNING at CannesğŸ¹ğŸŒ´ğŸ–¤ | NINGâ€™S LOG,Won5pPJVPyA,2023-06-16,277345,24549,-,8,20,10.10842639919549,2803521.5196848735
#SpicyChallenge ğŸ”¥ with #TAEYONG #íƒœìš© #ìŠ¤íŒŒì´ì‹œì±Œë¦°ì§€ #aespa #Ã¦spa #ì—ìŠ¤íŒŒ #Spicy #aespa_Spicy #shorts,bL1yTcx6jFs,2023-06-15,2166615,171736,-,-,27,12.053713692933924,26115756.892816033
aespa at Gov Ball NYCğŸ—½ğŸ¸âš¡ï¸ #aespa #ì—ìŠ¤íŒŒ #govballnyc #aespaatGovBallNYC #shorts,VMdk5UXP3A8,2023-06-14,276952,38452,-,-,43,10.557165989185707,2923828.23503696
Unboxing aespa The 3rd Mini Album 'MY WORLD' ğŸ’¿ğŸ’˜,bfK51JPgUqw,2023-06-14,54465,6653,-,1,21,8.802823159741887,479445.76339534187
Our first pitch at Yankee Stadiumâš¾ï¸ğŸ’« #aespa #ì—ìŠ¤íŒŒ #NewYorkYankees #Yankees #shorts,8bmMNmdpR2Q,2023-06-13,238432,30442,-,-,42,10.323578512839612,2461471.4719733745
Unboxing 'MY WORLD' Album with NPC aespa ğŸ«¶ #aespa #ì—ìŠ¤íŒŒ #MYWORLD #aespa_MYWORLD #shorts,BiIrOwRGPPc,2023-06-13,346755,48955,-,-,13,10.798656787788172,3744488.2344494876
POV: you're my phone under the Brooklyn Bridgeâœ¨ #aespa #ì—ìŠ¤íŒŒ #KARINA #ì¹´ë¦¬ë‚˜ #shorts,PZjpvOXqYa8,2023-06-12,320671,40496,-,-,10,10.608958482784905,3401985.3256331184
ì ì‹¬(?)ì„ ë¨¹ê³  Growing upâ£ï¸ | aespa ì—ìŠ¤íŒŒ 'Spicy' ìŒì•…ë°©ì†¡ ë¹„í•˜ì¸ë“œ,c2kzZ24NmHc,2023-06-11,477574,34533,-,12,24,10.449670667583172,4990491.019400366
aespa 'Hold On Tight' MV | Tetris Motion Picture Soundtrack,1XZRhrt1Tkg,2023-06-06,1741730,119007,-,2,42,11.686937593893042,20355489.81541133
ğŸ’„âœ¨ #aespa #NINGNING #CannesFilmFestival #Cannes2023 #aespaatCannes #yslbeauty #shorts,uTcBJtHPbak,2023-06-05,425900,47353,-,-,9,10.765385454579738,4584977.6651055105
aespa ì—ìŠ¤íŒŒ 'Spicy' Recording Behind The Scenes,j8S8wmVKhr4,2023-06-01,1794235,89025,-,27,42,11.39667250814598,20448308.6976533
Run Run Run Kitty Kitty Run Run ğŸˆâ€â¬› #aespa #ì—ìŠ¤íŒŒ #KARINA #ì¹´ë¦¬ë‚˜ #MYWORLD #SaltyandSweet #shorts,RHZrGiwg7fI,2023-06-01,2759506,258624,-,-,14,12.463130548438146,34392083.52719835
aespa ì—ìŠ¤íŒŒ 'Welcome To MY World (Feat. nÃ¦vis)' Recording Behind The Scenes,vGwLHGBi_D4,2023-05-30,462077,46891,-,15,51,10.755581038365076,4969906.619464619
aespa ì—ìŠ¤íŒŒ 'Iâ€™m Unhappy' Track Video Behind The Scenes,KcUi7bKZkgE,2023-05-29,192208,20381,-,12,47,9.922358373286379,1907156.6582126282
yummyğŸ¤© #aespa #ì—ìŠ¤íŒŒ #MYWORLD #aespa_MYWORLD #Spicy #aespa_Spicy #shorts,MsHYQXNC2q0,2023-05-29,923169,86190,-,-,20,11.364309440641446,10491178.182007523
aespa ì—ìŠ¤íŒŒ 'â€˜Til We Meet Again' Special Video,QeTNjrmsUwc,2023-05-28,392051,43050,-,2,38,10.670117509855876,4183230.239856506
ğŸ’™ğŸŒ™aespa at Cannesâ­ï¸ğŸ¦‹ #aespa #ì—ìŠ¤íŒŒ #CannesFilmFestival #Cannes2023 #aespaatCannes #Chopard #shorts,FbIDk92DHU8,2023-05-27,378982,43913,-,-,19,10.689965682788792,4051304.574394662
aespa ì—ìŠ¤íŒŒ 'Thirsty' + 'Salty & Sweet' Track Video Behind The Scenes,-vEHJOch77M,2023-05-26,276487,21415,-,16,45,9.971846890049472,2757086.0310891084
#SpicyChallenge â¤ï¸â€ğŸ”¥ with #ë¯¸ì£¼ #ìŠ¤íŒŒì´ì‹œì±Œë¦°ì§€ #aespa #Ã¦spa #ì—ìŠ¤íŒŒ #Spicy #aespa_Spicy #ì…€í°ì½”ë“œ #shorts,cpcuAcbTrjE,2023-05-25,1357323,79800,-,-,22,11.2872787834379,15320483.100172281
Salty & Sweet and yaaaangâ€¦ğŸ¦– #yaaaang #dinosaurchant #aespa #ì—ìŠ¤íŒŒ #MYWORLD #SaltyandSweet #shorts,jsSEqE6Lg-U,2023-05-24,609759,69889,-,-,11,11.154663548170214,6801656.490468722
aespa ì—ìŠ¤íŒŒ â€˜MY WORLDâ€™ Jacket Behind The Scenes,hy2U1tPYNhw,2023-05-23,188824,16908,-,20,32,9.73554216168668,1838304.013138326
#SpicyChallenge ğŸ¥µ with #ë°•ì¬ë²” #ìŠ¤íŒŒì´ì‹œì±Œë¦°ì§€ #aespa #Ã¦spa #ì—ìŠ¤íŒŒ #Spicy #aespa_Spicy #shorts,sJH3qJOyd2o,2023-05-23,1228739,72245,-,-,20,11.187818399427712,13746908.792294407
ìš°ë¦° í•œê³„ë¥¼ ì•ì„œ Wow x3 ğŸ’¥ MY ë•ë¶„ì´ì—ìš”! ì¸ê°€ 1ìœ„ê¹Œì§€ ê³ ë§ˆì›Œìš”ğŸ’ğŸ† #aespa #ì—ìŠ¤íŒŒ #Spicy #aespa_Spicy #Spicy4thwin #ì¸ê¸°ê°€ìš”,-9TTSwSggKc,2023-05-23,255566,25395,-,-,19,10.142307583235345,2592028.979817124
#SpicyChallenge ğŸ’ with #KIMCHAEWON #ê¹€ì±„ì› ğŸ‘¿ğŸ° #ìŠ¤íŒŒì´ì‹œì±Œë¦°ì§€ #aespa #Ã¦spa #ì—ìŠ¤íŒŒ #Spicy #aespa_Spicy #shorts,illwwKfv1UY,2023-05-21,4456015,248395,-,-,26,12.422775500014396,55356073.96969665
#SpicyChallenge â¤ï¸â€ğŸ”¥ with #YUQI #ìŠ¤íŒŒì´ì‹œì±Œë¦°ì§€ #aespa #Ã¦spa #ì—ìŠ¤íŒŒ #Spicy #aespa_Spicy #shorts,7rEWKNzngtE,2023-05-21,1635002,112288,-,-,20,11.628822278382941,19013147.682800665
YONSEI youâ€™re too Spicy for my heartğŸ’™ Thank youğŸ¤,9dPKOESYMow,2023-05-21,165694,15077,-,1,41,9.62092568277892,1594129.6600823703
I'm too Spicy for your heartğŸ©µ #aespa #ì—ìŠ¤íŒŒ #Spicy #aespa_Spicy #ì—°ì„¸ëŒ€í•™êµ #ì•„ì¹´ë¼ì¹´ #shorts,ZjKyc2dXfmw,2023-05-20,347489,34511,-,-,45,10.449033392780306,3630924.1646238356
ì•„ ìš°ë¦¬ ì‹ ì…ìƒì´êµ¬ë‚˜?! ğŸ¤”ğŸ’­ğŸ‘€ | aespaâ€™s Spicy Love Letter ğŸ’Œ,Iec3Sa8PC8s,2023-05-20,305335,20828,-,29,8,9.944053514282789,3036267.5797835356
ë›°ì–´ë“¤ì–´ ë´ Just right nowğŸ‘‡ğŸ¥° MY!! ìŒì¤‘ 1ìœ„ ê³ ë§ˆì›Œìš”ğŸ† #aespa #ì—ìŠ¤íŒŒ #Spicy #aespa_Spicy #Spicy3rdwin #ì‡¼ìŒì•…ì¤‘ì‹¬,ep7Tg5840TI,2023-05-20,159792,19807,-,-,7,9.893790689557264,1580948.6018657342
ê¸°ì„¸ê°€ ë‹¤ë¥¸ Move ë„ ì••ë„í•˜ëŠ” Groove MYğŸ¥¹ ë®¤ë±… 1ìœ„ ê°ì‚¬í•©ë‹ˆë‹¤â¤ï¸â€ğŸ”¥ğŸ† #aespa #ì—ìŠ¤íŒŒ #Spicy #aespa_Spicy #Spicy2ndwin #ë®¤ì§ë±…í¬,nhYa2Zf9H0E,2023-05-19,360139,32814,-,-,18,10.398610532574828,3744945.198590966
My life - aespa = 0 #meinpublicmymind #aespa #ì—ìŠ¤íŒŒ #NINGNING #ë‹ë‹ #MYWORLD  #ImUnhappy #shorts,vaxMULxy-rU,2023-05-19,298002,40755,-,-,38,10.615333810528558,3163390.7062051315
ìŠ¤íŒŒì´ì‹œí•˜ë‹¤ ì˜ì§€ì•¼ğŸŒ¶ï¸ğŸš¨#ì¹´ë¦¬ë‚˜ with #ì´ì˜ì§€ #SpicyChallenge #ìŠ¤íŒŒì´ì‹œì±Œë¦°ì§€ #aespa #ì—ìŠ¤íŒŒ #KARINA #Spicy #ì°¨ë¦°ê±´ì¥ë¿”ë„ì—†ì§€ë§Œ #shorts,JNVhm1UqJZc,2023-05-19,4936931,250557,-,-,42,12.43144171853282,61373169.99491795
ê¹œë¹¡ í•œìˆœê°„ ëŒì–´ë‹¹ê²¨ You'll be mine ğŸ† MYë“¤ ì— ì¹´ 1ìœ„ ê³ ë§ˆì›Œìš”ğŸŒ¶ğŸ«¶ #aespa #ì—ìŠ¤íŒŒ #Spicy #Spicy1stwin #ì— ì¹´ìš´íŠ¸ë‹¤ìš´ #shorts,OQk_JmVUHfo,2023-05-18,429276,33407,-,-,10,10.416520737844118,4471562.356258771
the reason why iâ€™m busy at workğŸ‘©â€ğŸ’»ğŸ’­ #meinpublicmymind #aespa #ì—ìŠ¤íŒŒ #WINTER #ìœˆí„° #SaltyandSweet #shorts,g0viUoqVzJg,2023-05-18,604484,68646,-,-,28,11.136718142928999,6731967.929910293
#ê¹€ì¢…êµ­ ì„ ë°°ë‹˜ê³¼ í•¨ê»˜ #SpicyChallenge ğŸ’ªğŸ˜¬ #ìŠ¤íŒŒì´ì‹œì±Œë¦°ì§€ #aespa #Ã¦spa #ì—ìŠ¤íŒŒ #Spicy #aespa_Spicy #ì§ì¢…êµ­ #shorts,mQucOIWaOR8,2023-05-18,1397351,56008,-,-,22,10.933249816657034,15277587.564555522
#SpicyChallengeğŸ¥µ with #HONGEUNCHAE #í™ì€ì±„ ğŸ‘¿ğŸ° #ìŠ¤íŒŒì´ì‹œì±Œë¦°ì§€ #aespa #ì—ìŠ¤íŒŒ #KARINA #NINGNING #LE_SSERAFIM #ë¥´ì„¸ë¼í•Œ,L9783xqiKeA,2023-05-18,1065541,79807,-,-,21,11.287366498889034,12027151.78659272
My life is complete with aespa and a cup of coffee â˜•ï¸ğŸ§ #meinpublicmyheadphone #aespa #GISELLE,129cYz92Lp4,2023-05-17,315693,40555,-,-,22,10.610414356504446,3349633.539447958
Random sauce game: which one is Spicy? ğŸ¥µ #SpicyGame #aespa #ì—ìŠ¤íŒŒ #KARINA #WINTER #Spicy #shorts,mhnBpbMWnH4,2023-05-17,1771371,160854,-,-,23,11.98825240024731,21235642.642478477
Random sauce game: which one is Spicy? ğŸ¤¯ #SpicyGame #aespa #ì—ìŠ¤íŒŒ #GISELLE #NINGNING #Spicy #shorts,-jtQR3IhzAU,2023-05-17,512136,65481,-,-,25,11.089515303207188,5679340.009323317
todayâ€™s mood: too Spicy ğŸ¥µğŸ”¥ #walkingtypes #aespa #ì—ìŠ¤íŒŒ #GISELLE #WINTER #Spicy #aespa_Spicy #shorts,ztlROkiWFtY,2023-05-16,1000990,84771,-,-,12,11.347708782159037,11358943.013853375
todayâ€™s mood: Spicy ğŸ¥µ #walkingtypes #aespa #ì—ìŠ¤íŒŒ #KARINA #NINGNING #Spicy #aespa_Spicy #shorts,cYdtvRvGJD4,2023-05-16,2607427,193829,-,-,12,12.174731606046924,31744723.907360114
aespa ì—ìŠ¤íŒŒ 'Spicy' MV Behind The Scenes,59xPZBacM5c,2023-05-15,428750,31629,-,16,51,10.361829700245059,4442634.483980069
Today i wanted to eat something spicyğŸ¤™ğŸŒ¶ï¸ #meme #quaso #aespa #ì—ìŠ¤íŒŒ #Spicy #aespa_Spicy #shorts,7DfldFk9ohs,2023-05-15,536113,93571,-,-,18,11.446475785398915,6136604.472737568
ë˜ ë‹¤ë¥¸ ë‚˜ë¥¼ ì°¾ì•„ë‚´ I'm too Spicyâ¤ï¸â€ğŸ”¥ #SpicyChallenge #ìŠ¤íŒŒì´ì‹œì±Œë¦°ì§€ #aespa #Ã¦spa #ì—ìŠ¤íŒŒ #Spicy #aespa_Spicy,8IKtNmK5EkQ,2023-05-15,1013923,71007,-,-,22,11.170533742712921,11326061.084012713
#SpicyChallenge â¤ï¸â€ğŸ”¥ with #HUHYUNJIN #í—ˆìœ¤ì§„ ğŸ‘¿ğŸ° #ìŠ¤íŒŒì´ì‹œì±Œë¦°ì§€ #aespa #Ã¦spa #ì—ìŠ¤íŒŒ #Spicy #aespa_Spicy,GZH-d9MYLuc,2023-05-15,1834634,133615,-,-,23,11.802717809231368,21653667.38522138
#SpicyChallenge ğŸ¥µğŸ¤¯ with #ì„œì€ê´‘ #ì´ì°½ì„­ ğŸ€ #ìŠ¤íŒŒì´ì‹œì±Œë¦°ì§€ #aespa #Ã¦spa #ì—ìŠ¤íŒŒ #Spicy #aespa_Spicy #shorts,Hcjmcr1Lb38,2023-05-15,2070669,108039,-,-,24,11.590247552032542,23999566.308319673
my social ego vs k-pop ego ğŸ§â¤ï¸â€ğŸ”¥ #meinpublicmyheadphone #aespa #ì—ìŠ¤íŒŒ #KARINA #ì¹´ë¦¬ë‚˜ #Spicy #shorts,5q26CpS_pRc,2023-05-14,2664226,237382,-,-,19,12.377425936884634,32976259.9941224
ë„ˆëŠ” ë‹¿ì„ìˆ˜ë¡ Thirsty ğŸ«¶ #aespa #ì—ìŠ¤íŒŒ #MYWORLD #aespa_MYWORLD #Thirsty #aespa_Thirsty #shorts,Mczt92misA4,2023-05-14,234511,22929,-,-,21,10.040157763910994,2354527.4373725313
#SpicyChallenge â˜„ï¸ with JUNGWOOğŸ¾ #ìŠ¤íŒŒì´ì‹œì±Œë¦°ì§€ #aespa #Ã¦spa #ì—ìŠ¤íŒŒ #Spicy #aespa_Spicy #shorts,6dnCK_H7KSk,2023-05-13,1416314,103427,-,-,22,11.546621328826953,16353641.440716218
#SpicyChallenge ğŸ¥µ with MINHYUKğŸ§‘â€ğŸ³ #ìŠ¤íŒŒì´ì‹œì±Œë¦°ì§€ #aespa #Ã¦spa #ì—ìŠ¤íŒŒ #Spicy #aespa_Spicy #shorts,iLhyDWVIKvA,2023-05-13,715362,61520,-,-,27,11.027117604179526,7888380.903561074
#SpicyChallenge ğŸš¨ with JOOHONEYğŸ #ìŠ¤íŒŒì´ì‹œì±Œë¦°ì§€ #aespa #Ã¦spa #ì—ìŠ¤íŒŒ #Spicy #aespa_Spicy #shorts,X3CknBUcQyI,2023-05-13,1402402,86176,-,-,23,11.364146995611325,15937102.474939313
[REPLAY] aespa ì—ìŠ¤íŒŒ â€˜MY WORLDâ€™ Countdown Live,2jjd2mLGuhc,2023-05-13,126193,10235,-,53,51,9.23356849809539,1165211.7094801515
#SpicyChallenge ğŸ”¥ with #ëŸ­í‚¤ì˜¤ë¹  âœ¨ #ìŠ¤íŒŒì´ì‹œì±Œë¦°ì§€ #aespa #Ã¦spa #ì—ìŠ¤íŒŒ #Spicy #aespa_Spicy #shorts,S6J7_a8vrNU,2023-05-13,504704,34810,-,-,24,10.457659980805484,5278022.822952451
Salty & SweetğŸ˜¾ğŸ˜» #aespa #Ã¦spa #ì—ìŠ¤íŒŒ #SaltyandSweet #shorts,mZbMqSuNllc,2023-05-11,563382,62427,-,-,5,11.04175315308089,6220724.974889018
Salty & SweetğŸ¥¨ğŸ« #aespa #Ã¦spa #ì—ìŠ¤íŒŒ #SaltyandSweet #shorts,KZGpDTD9YQU,2023-05-11,600431,65133,-,-,5,11.084186612202346,6655289.251751267
ìš°ë¦° í•œê³„ë¥¼ ì•ì„œâ˜„ï¸ #SpicyChallenge #ìŠ¤íŒŒì´ì‹œì±Œë¦°ì§€ #aespa #Ã¦spa #ì—ìŠ¤íŒŒ #Spicy #aespa_Spicy #shorts,-PT9iIHVOHc,2023-05-11,1829336,113196,-,-,25,11.636876108437853,21287756.39270527
ì‹¬ì¥ì„ íŒŒê³ ë“¤ì–´ ë„Œâ¤ï¸â€ğŸ”¥ #SpicyChallenge #ìŠ¤íŒŒì´ì‹œì±Œë¦°ì§€ #aespa #Ã¦spa #ì—ìŠ¤íŒŒ #Spicy #aespa_Spicy #shorts,2aYmuET9HQw,2023-05-11,2356909,126276,-,-,21,11.746225266528812,27684784.046709158
Don't Stop ê²ë‚´ì§€ ë§ˆğŸš¨ #SpicyChallenge #ìŠ¤íŒŒì´ì‹œì±Œë¦°ì§€ #aespa #Ã¦spa #ì—ìŠ¤íŒŒ #Spicy #aespa_Spicy #shorts,3q39cVo-liM,2023-05-11,1382819,95179,-,-,20,11.463514608211,15851965.807011727
â€˜Cause I'm too Spicy for your heartğŸ¥µ #SpicyChallenge #ìŠ¤íŒŒì´ì‹œì±Œë¦°ì§€ #aespa #Ã¦spa #ì—ìŠ¤íŒŒ #Spicy #aespa_Spicy,FDHCUd_2QUc,2023-05-11,3338574,228694,-,-,27,12.340140144424046,41198471.042530365
#SpicyChallengeğŸ”¥ with MIYEON #ìŠ¤íŒŒì´ì‹œì±Œë¦°ì§€ #aespa #Ã¦spa #ì—ìŠ¤íŒŒ #Spicy #aespa_Spicy #shorts,UmqzKW8DIkU,2023-05-11,4779538,239374,-,-,27,12.385782461362629,59198317.93381622
#ë°•ëª…ìˆ˜ ì„ ë°°ë‹˜ ê·¸ë¦¬ê³  ê°€í¬&í˜œì •ì´...ğŸ”¥ğŸ’ª #SpicyChallenge #ìŠ¤íŒŒì´ì‹œì±Œë¦°ì§€ #aespa #Ã¦spa #ì—ìŠ¤íŒŒ #Spicy #aespa_Spicy #shorts,uziE4f4Nnrs,2023-05-11,281543,19264,-,-,26,9.865993348108548,2777701.3652065247
our 1117th tryâ€¦ğŸ¤£ğŸŒ¶ï¸ #SpicyChallenge #ìŠ¤íŒŒì´ì‹œì±Œë¦°ì§€ #aespa #Ã¦spa #ì—ìŠ¤íŒŒ #Spicy #aespa_Spicy #shorts,9tOQBXHQlZc,2023-05-10,1902633,149288,-,-,28,11.913632605213307,22667270.54455481
come with aespaâœ¨ #SpicyChallenge #ìŠ¤íŒŒì´ì‹œì±Œë¦°ì§€ #aespa #Ã¦spa #ì—ìŠ¤íŒŒ #Spicy #aespa_Spicy #shorts,_SlSst9j-Ys,2023-05-10,988238,80165,-,-,28,11.291842289622938,11159027.640612394
Spicy #DanceTutorial with KARINA & NINGNINGâ¤ï¸â€ğŸ”¥ #SpicyChallenge  #ìŠ¤íŒŒì´ì‹œì±Œë¦°ì§€ #SpicyTutorial #ìŠ¤íŒŒì´ì‹œíŠœí† ë¦¬ì–¼,h8qK4cbpRAA,2023-05-09,1022573,74329,-,-,19,11.216256464110744,11469441.021275116
Spicy #DanceTutorial with GISELLE & WINTERâ¤ï¸â€ğŸ”¥ #SpicyChallenge  #ìŠ¤íŒŒì´ì‹œì±Œë¦°ì§€ #SpicyTutorial #ìŠ¤íŒŒì´ì‹œíŠœí† ë¦¬ì–¼,6FsrQ4cSVRw,2023-05-09,1320109,85654,-,-,22,11.358071204354712,14993892.019509494
ê°™ì´ ê·¸ëƒ¥ ì‹ ë‚˜ì£¼ì„¸ìš” ğŸ¤™ğŸ¥³ | aespa ì—ìŠ¤íŒŒ 'Spicy' ì‘ì›ë²•,oPY3AfGoyYQ,2023-05-09,305749,30602,-,4,52,10.328820645281759,3158026.5834742524
â¤ï¸â€ğŸ”¥ğŸ’™ğŸŒ™â­ï¸ğŸ¦‹â¤ï¸â€ğŸ”¥ #SpicyChallenge #ìŠ¤íŒŒì´ì‹œì±Œë¦°ì§€ #aespa #Ã¦spa #ì—ìŠ¤íŒŒ #Spicy #aespa_Spicy #shorts,T_4qp7Lhe6s,2023-05-09,1316562,84586,-,-,20,11.345524047266652,14937085.830717478
#í—ˆì‹¤ì¥ ë‹˜ê³¼ #SpicyChallenge ğŸ¥³ #aespa #Ã¦spa #ì—ìŠ¤íŒŒ #í—ˆì˜ì§€ #í•œë°¤ #Spicy #aespa_Spicy #shorts,A5CnLMlgrDc,2023-05-09,1874723,90215,-,-,21,11.409950989342398,21390497.54859295
ğŸ¤™SpicyğŸ¥µ (Sped up ver.) #SpicyChallenge #ìŠ¤íŒŒì´ì‹œì±Œë¦°ì§€ #aespa #Ã¦spa #ì—ìŠ¤íŒŒ #Spicy #aespa_Spicy #shorts,wOqpUNLQPNM,2023-05-09,435762,49351,-,-,18,10.806713308080846,4709155.004555926
ğ”–ğ”­ğ”¦ğ” ğ”¶ â„­ğ”©ğ”²ğ”Ÿ #aespa #ì—ìŠ¤íŒŒ #MYWORLD #Spicy #aespa_Spicy #shorts,rrnY685Dv1Q,2023-05-08,247514,29210,-,-,9,10.282266395381786,2545004.8845865275
aespaê°€ ë§ì•„ì£¼ëŠ” í•˜ì´í‹´ ë‹¬ë‹¤ ë‹¬ì•„..ğŸ«° ì•ìœ¼ë¡œ ì—¬ë¦„ì€ ë§¤ìš´ ê±°ë‹¤ğŸ¤™ğŸ¥µâ¤ï¸â€ğŸ”¥ #aespa #ì—ìŠ¤íŒŒ #Spicy #SpicyChallenge #ìŠ¤íŒŒì´ì‹œì±Œë¦°ì§€,kq2BpN6x_aI,2023-05-08,4066985,182427,-,-,22,12.114105371983344,49267884.83627568
aespa 'â€˜Til We Meet Again' (Official Audio),cWsZCogtH98,2023-05-08,875620,59400,-,3,39,10.992049505350737,9624858.387875212
aespa 'I'm Unhappy' (Official Audio),v3L1XdqGnyI,2023-05-08,1389600,73039,-,3,27,11.198748824046977,15561781.36589568
aespa 'Thirsty' (Official Audio),K8P_p4j9T38,2023-05-08,2440502,77471,-,3,14,11.257658951765176,27474339.187100817
aespa 'Salty & Sweet' (Official Audio),sORkB5o3b6o,2023-05-08,2517206,122531,-,3,22,11.716119338176817,29491885.894774713
aespa ì—ìŠ¤íŒŒ 'Welcome To MY World (Feat. nÃ¦vis)' MV Behind The Scenes,VgmgG0WGx84,2023-05-07,341630,33128,-,14,10,10.408134125225404,3555730.8612007545
Getting ready with NPCğŸ«¶,wsMfXIgMBdM,2023-05-05,701328,89000,-,-,20,11.396391648714276,7992608.562209486
Come to work at Thirsty Burger with NPCğŸ«¶,qhzM2xGmJRA,2023-05-05,1610528,145992,-,-,16,11.891307104668652,19151283.048667796
aespa ì—ìŠ¤íŒŒ 'Thirsty' Track Video,i0RCcSBPjuU,2023-05-04,6117019,321700,-,2,26,12.681374713227118,77572210.06692983
Welcoming nÃ¦vis into MY Worldâœ¨,vKzBPvx06c0,2023-05-04,540422,67987,-,-,27,11.127071789411104,6013314.390577128
aespa ì—ìŠ¤íŒŒ 'Salty & Sweet' Track Video,bL0Uxth2Edg,2023-05-03,4191943,292475,-,1,34,12.586134471915802,52760358.296606146
ğŸ¦‹ #aespa #NINGNING #ë‹ë‹ #MYWORLD #WelcomeToMYWorld,v0gI6GLrWBw,2023-05-03,487750,68337,-,-,9,11.132206626549452,5429733.782099496
â­ï¸ #aespa #WINTER #ìœˆí„° #MYWORLD #WelcomeToMYWorld,oiT9uMkuMVE,2023-05-03,232348,36436,-,-,9,10.503312575864701,2440423.6703770114
ğŸŒ™ #aespa #GISELLE #ì§€ì ¤ #MYWORLD #WelcomeToMYWorld,YkpxsVt2ukU,2023-05-03,191415,32592,-,-,9,10.391822138466587,1989150.6346345819
ğŸ’™ #aespa #KARINA #ì¹´ë¦¬ë‚˜ #MYWORLD #WelcomeToMYWorld,tbG_xmQkZb4,2023-05-03,380585,50057,-,-,9,10.82091763510371,4118278.9381559454
aespa ì—ìŠ¤íŒŒ 'I'm Unhappy' Track Video,CC7OrEx5H4U,2023-05-02,5925958,364957,-,2,28,12.807534817405518,75896913.41148277
"Goddess of the Desert, Spirit of the Forest, Fairy of the Wind, and â€¦ â›„ï¸",z07zRKzeh8U,2023-05-02,1007130,95183,-,-,14,11.46355663340511,11545291.792201288
i found a strange phenomenon at aespa.com,T62lOQgMJJ4,2023-04-28,189627,28605,-,-,16,10.261336806702628,1945826.5146445993
aespa ì—ìŠ¤íŒŒ 'MY WORLD' A STRANGE PHENOMENON #WINTER,U4MCGtqLu5U,2023-04-25,455748,76330,-,-,28,11.242821324792516,5123893.33313154
aespa ì—ìŠ¤íŒŒ 'MY WORLD' A STRANGE PHENOMENON #KARINA,2kNkH3Om5qU,2023-04-25,1364724,143930,-,-,28,11.877082349256716,16208939.332007023
ë¨¸ë¦¬ ì˜ëì–´ìš” ğŸ’‡ğŸ»â€â™€ï¸ ê¸°ë¶„ì „í™˜ìœ¼ë¡œğŸ«¢ | WINTER VOGUE Photoshoot Behind,MkzDcpoJsok,2023-04-25,206650,20371,-,5,59,9.921867599817558,2050353.9395022984
aespa ì—ìŠ¤íŒŒ 'MY WORLD' A STRANGE PHENOMENON #NINGNING,SMI7IE1V6vo,2023-04-24,477144,78488,-,-,29,11.270701025843227,5377747.3702749405
aespa ì—ìŠ¤íŒŒ 'MY WORLD' A STRANGE PHENOMENON #GISELLE,GEnedmVPE-s,2023-04-24,717082,92569,-,-,27,11.435709591367065,8200341.5051966775
BREAKING NEWS: A STRANGE PHENOMENON SPOTTED | MY WORLD NEWS,WfW6dJHKtIA,2023-04-23,1794270,140457,-,-,42,11.852656671091069,21266866.28523857
aespa 1st Concert D-Day Behind | â€˜SYNK : HYPER LINEâ€™ Record #04,Ae3Sm0a-ggc,2023-04-19,295875,23102,-,22,42,10.047674472848625,2972855.684654087
aespa ì—ìŠ¤íŒŒ 'MY WORLD' INTRO,teUR4QfuhGE,2023-04-17,1757605,167177,-,-,44,12.026808410361907,21138378.59609414
Hold on tight for a chaotic Ã¦nergy ğŸŒªï¸ğŸ«¶,PKyB3IHWd1g,2023-04-17,4463565,288501,-,-,21,12.57245383112879,56117964.88474238
aespa ì—ìŠ¤íŒŒ 'MY WORLD' #3,b4iqYkgAs7c,2023-04-16,223707,26474,-,-,28,10.183918398273716,2278213.8331226185
aespa ì—ìŠ¤íŒŒ 'MY WORLD' #2,7rHIDyGlnCw,2023-04-16,125058,20802,-,-,35,9.942804414913079,1243427.2345201997
aespa ì—ìŠ¤íŒŒ 'MY WORLD' #1,VXpHDH6TyvI,2023-04-16,120481,23143,-,-,29,10.049447637979663,1210767.5008714278
aespa 1st Concert Stage Practice and Rehearsal Behind | â€˜SYNK : HYPER LINEâ€™ Record #03,h4Od97wrd1Y,2023-04-03,413392,27871,-,26,26,10.235342000707783,4231208.500356592
aespa 'Hold On Tight' (Tetris Motion Picture Soundtrack) Visualizer,fvtzZFhrKLE,2023-03-31,7844352,266979,-,2,30,12.494925282603788,98014592.13044359
ì–´ë–¡í•´!! í™”ë³´ ë„ˆë¬´ ì¬ë°Œì–ì•„ğŸ§¸ğŸ¤ | NINGNING VOGUE plus Photoshoot Behind,qMLcW7FqwJw,2023-03-30,123022,15731,-,6,20,9.663388566822505,1188809.3882676382
aespa 1st Concert VCR Shooting Behind | â€˜SYNK : HYPER LINEâ€™ Record #02,oPwbelxjdCo,2023-03-27,252471,19007,-,13,4,9.852562611350837,2487486.335050357
GYMì ¤ ğŸ‹â€â™€ + ì†œì ¤ì˜ Q&A ğŸ–¤ | GiGi-log,dcfOXczg2hA,2023-03-17,1589901,102008,-,32,24,11.532806520563378,18336020.619850237
ì—¬ê¸°ëŠ” ì•Œë¡ë‹¬ë¡í•œ ì„¸ê³„ì…ë‹ˆë‹¤ ğŸ­ğŸ¬ | aespa Brand Concept Day Photoshoot Behind,NubGJ9lhik0,2023-03-14,231773,20004,-,9,43,9.903687532538795,2295407.3704791144
ë‚˜ë‘ ì°ê³  ì‹¶êµ¬ë‚˜ã€°â“ğŸ˜½ğŸ“¸ | aespa WEEK â€˜Come to MY illusionâ€™ Pop-up Store BehindğŸ”®ğŸ’—,Odtf7vz16GI,2023-03-10,223928,19499,-,7,49,9.878118461185586,2211987.310776366
2023 aespa 1st Concert â€˜SYNK : HYPER LINEâ€™ Recap Video,iirh6qh16l0,2023-03-09,404772,31631,-,3,7,10.361892931354786,4194204.1256103395
â¤ï¸â€ğŸ”¥MYs We love Uâ¤ï¸â€ğŸ”¥ 2023 aespa 1st Concert 'SYNK  HYPER LINE',YfsaNRjbzn4,2023-03-07,218182,30216,-,-,51,10.316126864392293,2250793.1915268395
aespa ì—ìŠ¤íŒŒ 'ep.3 Girls (Donâ€™t you know Iâ€™m a Savage?)' - SM Culture Universe Behind The Scenes,I_bmqViUic4,2023-03-04,505781,40781,-,20,42,10.615971565652215,5369356.714447143
aespa WEEK â€˜Come to MY illusionâ€™ | Pop-up Store Teaser,LtE24gYNg1k,2023-02-23,286242,30908,-,-,15,10.338770329053474,2959390.2965289247
aespa ì—ìŠ¤íŒŒ 'ep.3 Girls (Donâ€™t you know Iâ€™m a Savage?)' - SM Culture Universe,iq-ivLY_9A8,2023-02-23,2371735,204634,-,17,2,12.228978296601758,29003895.84029077
aespa ì—ìŠ¤íŒŒ 'ep.3 Girls (Donâ€™t you know Iâ€™m a Savage?)' Teaser - SM Culture Universe,4Rpp-a1o-8U,2023-02-20,1229559,105496,-,-,58,11.566428316487535,14221606.034392098
aespa 1st Concert Dance Practice Behind | 'SYNK : HYPER LINE' Record #01,z2kw1IygOPQ,2023-02-18,575963,39461,-,7,59,10.583068121374101,6095455.664390991
2023 aespa ì—ìŠ¤íŒŒ 1st Concert 'SYNK : HYPER LINE' KWANGYA VLOG,oHHpVFOpZc4,2023-02-17,502743,47434,-,7,15,10.76709455012484,5413081.415413412
aespa ì—ìŠ¤íŒŒ 'SYNK : HYPER LINE' Spoiler | 'Salty & Sweet' Dance Practice (Short Ver.),w5Y6FtngQ1w,2023-02-16,3225373,178806,-,1,20,12.094056698205506,39007843.93486119
See you at our 1st concert 'SYNK : HYPER LINE'ğŸ‘‹,y7-U_83Lghs,2023-02-11,288869,27565,-,1,2,10.224302131023784,2953483.9322867095
2023 aespa 1st Concert â€˜SYNK : HYPER LINEâ€™ Teaser #KARINA,LuydUFWim0Q,2023-02-08,243686,28319,-,-,30,10.251288236449755,2498095.425187495
2023 aespa 1st Concert â€˜SYNK : HYPER LINEâ€™ Teaser #NINGNING,UXYLIxwJxIU,2023-02-08,128264,18531,-,-,22,9.82720028436401,1260476.0172736652
2023 aespa 1st Concert â€˜SYNK : HYPER LINEâ€™ Teaser #WINTER,Zs6na63N118,2023-02-08,129074,17072,-,-,24,9.745194973541535,1257851.2960149
2023 aespa 1st Concert â€˜SYNK : HYPER LINEâ€™ Teaser #GISELLE,3cGQhQSkUOI,2023-02-08,127411,16629,-,-,22,9.718903438087914,1238295.2059502192
2023 aespa 1st Concert â€˜SYNK : HYPER LINEâ€™ Teaser #aespa,G_XT7kGMfKc,2023-02-08,71622,13135,-,-,24,9.48303570211964,679193.9830572129
ì—¬ê¸°ëŠ” ëˆˆì´ ë§ì´ ì˜¨ ì„¤ì› â˜ƒï¸ | '2022 Winter SMTOWN : SMCU PALACE' Jacket Behind,glA4JyfcjFc,2023-01-20,239633,19210,-,6,40,9.863186255762603,2363544.9120271597
2023ë…„ë„ í•¨ê»˜ í•˜ì‹œì£  ğŸ˜˜ | 2022 ì—°ë§ ë¬´ëŒ€ ë¹„í•˜ì¸ë“œ,yQDXJecJrls,2023-01-15,429307,34383,-,8,4,10.44531753516481,4484247.9350689985
ë°ë‹¤ ë°ì•„! ìš°ë¦¬ ë©¤ë²„ë“¤ âœ¨ğŸŒ³ | aespaâ€™s Sydney Vlog EP.02,Yfhfk08JCtA,2023-01-13,677693,42156,-,12,1,10.649132302053827,7216842.417175764
ì§„ì§œ Vacation ì˜¨ ê¸°ë¶„ì´ì•¼ ğŸ¦˜â˜€ï¸ | aespaâ€™s Sydney Vlog EP.01,tyajG-LpbSk,2023-01-12,995661,55234,-,7,47,10.919333984679737,10871954.994520212
aespa ì—ìŠ¤íŒŒ 'Girls' Stage Video,h-k2PcfFDwk,2023-01-01,5942712,133940,-,4,12,11.805147217464041,70154590.03099017
ì˜¤ëŠ˜ ì§„ì§œ ê°€ë³ê³  ëŠë‚Œ ì¢‹ì•„ìš”â˜€ï¸â›±ï¸ | aespa W Korea Photoshoot Behind,QxP4eiaubEQ,2023-06-30,165617,14773,-,10,40,9.600556469321608,1590015.3607796368
Gucci Cruise 2024 Behind + Unboxing Gift â¤ï¸ğŸ’š | Ã¦CONIC #01,bsQUGHKCdfc,2023-06-21,242359,16846,-,2,16,9.73186851887531,2358605.9223661013
Run Run Run Kitty Kitty Run Run ğŸˆâ€â¬› with #TAEYONG #aespa #ì—ìŠ¤íŒŒ #KARINA #ì¹´ë¦¬ë‚˜ #MYWORLD #SaltyandSweet,SgXRNgQToMg,2023-06-17,4739697,399342,-,-,13,12.897573471591983,61130590.2905841
NINGNING at CannesğŸ¹ğŸŒ´ğŸ–¤ | NINGâ€™S LOG,Won5pPJVPyA,2023-06-16,277350,24549,-,8,20,10.10842639919549,2803572.0618168693
#SpicyChallenge ğŸ”¥ with #TAEYONG #íƒœìš© #ìŠ¤íŒŒì´ì‹œì±Œë¦°ì§€ #aespa #Ã¦spa #ì—ìŠ¤íŒŒ #Spicy #aespa_Spicy #shorts,bL1yTcx6jFs,2023-06-15,2166622,171736,-,-,27,12.053713692933924,26115841.268811885
aespa at Gov Ball NYCğŸ—½ğŸ¸âš¡ï¸ #aespa #ì—ìŠ¤íŒŒ #govballnyc #aespaatGovBallNYC #shorts,VMdk5UXP3A8,2023-06-14,276952,38452,-,-,43,10.557165989185707,2923828.23503696
Unboxing aespa The 3rd Mini Album 'MY WORLD' ğŸ’¿ğŸ’˜,bfK51JPgUqw,2023-06-14,54465,6653,-,1,21,8.802823159741887,479445.76339534187
Our first pitch at Yankee Stadiumâš¾ï¸ğŸ’« #aespa #ì—ìŠ¤íŒŒ #NewYorkYankees #Yankees #shorts,8bmMNmdpR2Q,2023-06-13,238432,30442,-,-,42,10.323578512839612,2461471.4719733745
Unboxing 'MY WORLD' Album with NPC aespa ğŸ«¶ #aespa #ì—ìŠ¤íŒŒ #MYWORLD #aespa_MYWORLD #shorts,BiIrOwRGPPc,2023-06-13,346760,48956,-,-,13,10.798677214502229,3744549.310900793
POV: you're my phone under the Brooklyn Bridgeâœ¨ #aespa #ì—ìŠ¤íŒŒ #KARINA #ì¹´ë¦¬ë‚˜ #shorts,PZjpvOXqYa8,2023-06-12,320671,40496,-,-,10,10.608958482784905,3401985.3256331184
ì ì‹¬(?)ì„ ë¨¹ê³  Growing upâ£ï¸ | aespa ì—ìŠ¤íŒŒ 'Spicy' ìŒì•…ë°©ì†¡ ë¹„í•˜ì¸ë“œ,c2kzZ24NmHc,2023-06-11,477574,34533,-,12,24,10.449670667583172,4990491.019400366
aespa 'Hold On Tight' MV | Tetris Motion Picture Soundtrack,1XZRhrt1Tkg,2023-06-06,1741797,119007,-,2,42,11.686937593893042,20356272.84023012
ğŸ’„âœ¨ #aespa #NINGNING #CannesFilmFestival #Cannes2023 #aespaatCannes #yslbeauty #shorts,uTcBJtHPbak,2023-06-05,425900,47353,-,-,9,10.765385454579738,4584977.6651055105
aespa ì—ìŠ¤íŒŒ 'Spicy' Recording Behind The Scenes,j8S8wmVKhr4,2023-06-01,1794235,89025,-,27,42,11.39667250814598,20448308.6976533
Run Run Run Kitty Kitty Run Run ğŸˆâ€â¬› #aespa #ì—ìŠ¤íŒŒ #KARINA #ì¹´ë¦¬ë‚˜ #MYWORLD #SaltyandSweet #shorts,RHZrGiwg7fI,2023-06-01,2759506,258624,-,-,14,12.463130548438146,34392083.52719835
aespa ì—ìŠ¤íŒŒ 'Welcome To MY World (Feat. nÃ¦vis)' Recording Behind The Scenes,vGwLHGBi_D4,2023-05-30,462077,46891,-,15,51,10.755581038365076,4969906.619464619
aespa ì—ìŠ¤íŒŒ 'Iâ€™m Unhappy' Track Video Behind The Scenes,KcUi7bKZkgE,2023-05-29,192208,20381,-,12,47,9.922358373286379,1907156.6582126282
yummyğŸ¤© #aespa #ì—ìŠ¤íŒŒ #MYWORLD #aespa_MYWORLD #Spicy #aespa_Spicy #shorts,MsHYQXNC2q0,2023-05-29,923169,86190,-,-,20,11.364309440641446,10491178.182007523
aespa ì—ìŠ¤íŒŒ 'â€˜Til We Meet Again' Special Video,QeTNjrmsUwc,2023-05-28,392051,43050,-,2,38,10.670117509855876,4183230.239856506
ğŸ’™ğŸŒ™aespa at Cannesâ­ï¸ğŸ¦‹ #aespa #ì—ìŠ¤íŒŒ #CannesFilmFestival #Cannes2023 #aespaatCannes #Chopard #shorts,FbIDk92DHU8,2023-05-27,378982,43913,-,-,19,10.689965682788792,4051304.574394662
aespa ì—ìŠ¤íŒŒ 'Thirsty' + 'Salty & Sweet' Track Video Behind The Scenes,-vEHJOch77M,2023-05-26,276487,21415,-,16,45,9.971846890049472,2757086.0310891084
#SpicyChallenge â¤ï¸â€ğŸ”¥ with #ë¯¸ì£¼ #ìŠ¤íŒŒì´ì‹œì±Œë¦°ì§€ #aespa #Ã¦spa #ì—ìŠ¤íŒŒ #Spicy #aespa_Spicy #ì…€í°ì½”ë“œ #shorts,cpcuAcbTrjE,2023-05-25,1357327,79800,-,-,22,11.2872787834379,15320528.249287415
Salty & Sweet and yaaaangâ€¦ğŸ¦– #yaaaang #dinosaurchant #aespa #ì—ìŠ¤íŒŒ #MYWORLD #SaltyandSweet #shorts,jsSEqE6Lg-U,2023-05-24,609759,69889,-,-,11,11.154663548170214,6801656.490468722
aespa ì—ìŠ¤íŒŒ â€˜MY WORLDâ€™ Jacket Behind The Scenes,hy2U1tPYNhw,2023-05-23,188824,16908,-,20,32,9.73554216168668,1838304.013138326
#SpicyChallenge ğŸ¥µ with #ë°•ì¬ë²” #ìŠ¤íŒŒì´ì‹œì±Œë¦°ì§€ #aespa #Ã¦spa #ì—ìŠ¤íŒŒ #Spicy #aespa_Spicy #shorts,sJH3qJOyd2o,2023-05-23,1228739,72245,-,-,20,11.187818399427712,13746908.792294407
ìš°ë¦° í•œê³„ë¥¼ ì•ì„œ Wow x3 ğŸ’¥ MY ë•ë¶„ì´ì—ìš”! ì¸ê°€ 1ìœ„ê¹Œì§€ ê³ ë§ˆì›Œìš”ğŸ’ğŸ† #aespa #ì—ìŠ¤íŒŒ #Spicy #aespa_Spicy #Spicy4thwin #ì¸ê¸°ê°€ìš”,-9TTSwSggKc,2023-05-23,255566,25395,-,-,19,10.142307583235345,2592028.979817124
#SpicyChallenge ğŸ’ with #KIMCHAEWON #ê¹€ì±„ì› ğŸ‘¿ğŸ° #ìŠ¤íŒŒì´ì‹œì±Œë¦°ì§€ #aespa #Ã¦spa #ì—ìŠ¤íŒŒ #Spicy #aespa_Spicy #shorts,illwwKfv1UY,2023-05-21,4456015,248395,-,-,26,12.422775500014396,55356073.96969665
#SpicyChallenge â¤ï¸â€ğŸ”¥ with #YUQI #ìŠ¤íŒŒì´ì‹œì±Œë¦°ì§€ #aespa #Ã¦spa #ì—ìŠ¤íŒŒ #Spicy #aespa_Spicy #shorts,7rEWKNzngtE,2023-05-21,1635002,112288,-,-,20,11.628822278382941,19013147.682800665
YONSEI youâ€™re too Spicy for my heartğŸ’™ Thank youğŸ¤,9dPKOESYMow,2023-05-21,165694,15077,-,1,41,9.62092568277892,1594129.6600823703
I'm too Spicy for your heartğŸ©µ #aespa #ì—ìŠ¤íŒŒ #Spicy #aespa_Spicy #ì—°ì„¸ëŒ€í•™êµ #ì•„ì¹´ë¼ì¹´ #shorts,ZjKyc2dXfmw,2023-05-20,347489,34511,-,-,45,10.449033392780306,3630924.1646238356
ì•„ ìš°ë¦¬ ì‹ ì…ìƒì´êµ¬ë‚˜?! ğŸ¤”ğŸ’­ğŸ‘€ | aespaâ€™s Spicy Love Letter ğŸ’Œ,Iec3Sa8PC8s,2023-05-20,305335,20828,-,29,8,9.944053514282789,3036267.5797835356
ë›°ì–´ë“¤ì–´ ë´ Just right nowğŸ‘‡ğŸ¥° MY!! ìŒì¤‘ 1ìœ„ ê³ ë§ˆì›Œìš”ğŸ† #aespa #ì—ìŠ¤íŒŒ #Spicy #aespa_Spicy #Spicy3rdwin #ì‡¼ìŒì•…ì¤‘ì‹¬,ep7Tg5840TI,2023-05-20,159792,19807,-,-,7,9.893790689557264,1580948.6018657342
ê¸°ì„¸ê°€ ë‹¤ë¥¸ Move ë„ ì••ë„í•˜ëŠ” Groove MYğŸ¥¹ ë®¤ë±… 1ìœ„ ê°ì‚¬í•©ë‹ˆë‹¤â¤ï¸â€ğŸ”¥ğŸ† #aespa #ì—ìŠ¤íŒŒ #Spicy #aespa_Spicy #Spicy2ndwin #ë®¤ì§ë±…í¬,nhYa2Zf9H0E,2023-05-19,360139,32814,-,-,18,10.398610532574828,3744945.198590966
My life - aespa = 0 #meinpublicmymind #aespa #ì—ìŠ¤íŒŒ #NINGNING #ë‹ë‹ #MYWORLD  #ImUnhappy #shorts,vaxMULxy-rU,2023-05-19,298002,40755,-,-,38,10.615333810528558,3163390.7062051315
ìŠ¤íŒŒì´ì‹œí•˜ë‹¤ ì˜ì§€ì•¼ğŸŒ¶ï¸ğŸš¨#ì¹´ë¦¬ë‚˜ with #ì´ì˜ì§€ #SpicyChallenge #ìŠ¤íŒŒì´ì‹œì±Œë¦°ì§€ #aespa #ì—ìŠ¤íŒŒ #KARINA #Spicy #ì°¨ë¦°ê±´ì¥ë¿”ë„ì—†ì§€ë§Œ #shorts,JNVhm1UqJZc,2023-05-19,4936931,250558,-,-,42,12.431445709632667,61373189.698702514
ê¹œë¹¡ í•œìˆœê°„ ëŒì–´ë‹¹ê²¨ You'll be mine ğŸ† MYë“¤ ì— ì¹´ 1ìœ„ ê³ ë§ˆì›Œìš”ğŸŒ¶ğŸ«¶ #aespa #ì—ìŠ¤íŒŒ #Spicy #Spicy1stwin #ì— ì¹´ìš´íŠ¸ë‹¤ìš´ #shorts,OQk_JmVUHfo,2023-05-18,429276,33407,-,-,10,10.416520737844118,4471562.356258771
the reason why iâ€™m busy at workğŸ‘©â€ğŸ’»ğŸ’­ #meinpublicmymind #aespa #ì—ìŠ¤íŒŒ #WINTER #ìœˆí„° #SaltyandSweet #shorts,g0viUoqVzJg,2023-05-18,604484,68646,-,-,28,11.136718142928999,6731967.929910293
#ê¹€ì¢…êµ­ ì„ ë°°ë‹˜ê³¼ í•¨ê»˜ #SpicyChallenge ğŸ’ªğŸ˜¬ #ìŠ¤íŒŒì´ì‹œì±Œë¦°ì§€ #aespa #Ã¦spa #ì—ìŠ¤íŒŒ #Spicy #aespa_Spicy #ì§ì¢…êµ­ #shorts,mQucOIWaOR8,2023-05-18,1397351,56008,-,-,22,10.933249816657034,15277587.564555522
#SpicyChallengeğŸ¥µ with #HONGEUNCHAE #í™ì€ì±„ ğŸ‘¿ğŸ° #ìŠ¤íŒŒì´ì‹œì±Œë¦°ì§€ #aespa #ì—ìŠ¤íŒŒ #KARINA #NINGNING #LE_SSERAFIM #ë¥´ì„¸ë¼í•Œ,L9783xqiKeA,2023-05-18,1065541,79807,-,-,21,11.287366498889034,12027151.78659272
My life is complete with aespa and a cup of coffee â˜•ï¸ğŸ§ #meinpublicmyheadphone #aespa #GISELLE,129cYz92Lp4,2023-05-17,315693,40555,-,-,22,10.610414356504446,3349633.539447958
Random sauce game: which one is Spicy? ğŸ¥µ #SpicyGame #aespa #ì—ìŠ¤íŒŒ #KARINA #WINTER #Spicy #shorts,mhnBpbMWnH4,2023-05-17,1771371,160854,-,-,23,11.98825240024731,21235642.642478477
Random sauce game: which one is Spicy? ğŸ¤¯ #SpicyGame #aespa #ì—ìŠ¤íŒŒ #GISELLE #NINGNING #Spicy #shorts,-jtQR3IhzAU,2023-05-17,512136,65481,-,-,25,11.089515303207188,5679340.009323317
todayâ€™s mood: too Spicy ğŸ¥µğŸ”¥ #walkingtypes #aespa #ì—ìŠ¤íŒŒ #GISELLE #WINTER #Spicy #aespa_Spicy #shorts,ztlROkiWFtY,2023-05-16,1000990,84771,-,-,12,11.347708782159037,11358943.013853375
todayâ€™s mood: Spicy ğŸ¥µ #walkingtypes #aespa #ì—ìŠ¤íŒŒ #KARINA #NINGNING #Spicy #aespa_Spicy #shorts,cYdtvRvGJD4,2023-05-16,2607427,193829,-,-,12,12.174731606046924,31744723.907360114
aespa ì—ìŠ¤íŒŒ 'Spicy' MV Behind The Scenes,59xPZBacM5c,2023-05-15,428750,31629,-,16,51,10.361829700245059,4442634.483980069
Today i wanted to eat something spicyğŸ¤™ğŸŒ¶ï¸ #meme #quaso #aespa #ì—ìŠ¤íŒŒ #Spicy #aespa_Spicy #shorts,7DfldFk9ohs,2023-05-15,536113,93571,-,-,18,11.446475785398915,6136604.472737568
ë˜ ë‹¤ë¥¸ ë‚˜ë¥¼ ì°¾ì•„ë‚´ I'm too Spicyâ¤ï¸â€ğŸ”¥ #SpicyChallenge #ìŠ¤íŒŒì´ì‹œì±Œë¦°ì§€ #aespa #Ã¦spa #ì—ìŠ¤íŒŒ #Spicy #aespa_Spicy,8IKtNmK5EkQ,2023-05-15,1013923,71007,-,-,22,11.170533742712921,11326061.084012713
#SpicyChallenge â¤ï¸â€ğŸ”¥ with #HUHYUNJIN #í—ˆìœ¤ì§„ ğŸ‘¿ğŸ° #ìŠ¤íŒŒì´ì‹œì±Œë¦°ì§€ #aespa #Ã¦spa #ì—ìŠ¤íŒŒ #Spicy #aespa_Spicy,GZH-d9MYLuc,2023-05-15,1834634,133615,-,-,23,11.802717809231368,21653667.38522138
#SpicyChallenge ğŸ¥µğŸ¤¯ with #ì„œì€ê´‘ #ì´ì°½ì„­ ğŸ€ #ìŠ¤íŒŒì´ì‹œì±Œë¦°ì§€ #aespa #Ã¦spa #ì—ìŠ¤íŒŒ #Spicy #aespa_Spicy #shorts,Hcjmcr1Lb38,2023-05-15,2070669,108039,-,-,24,11.590247552032542,23999566.308319673
my social ego vs k-pop ego ğŸ§â¤ï¸â€ğŸ”¥ #meinpublicmyheadphone #aespa #ì—ìŠ¤íŒŒ #KARINA #ì¹´ë¦¬ë‚˜ #Spicy #shorts,5q26CpS_pRc,2023-05-14,2664235,237382,-,-,19,12.377425936884634,32976371.390955836
ë„ˆëŠ” ë‹¿ì„ìˆ˜ë¡ Thirsty ğŸ«¶ #aespa #ì—ìŠ¤íŒŒ #MYWORLD #aespa_MYWORLD #Thirsty #aespa_Thirsty #shorts,Mczt92misA4,2023-05-14,234511,22929,-,-,21,10.040157763910994,2354527.4373725313
#SpicyChallenge â˜„ï¸ with JUNGWOOğŸ¾ #ìŠ¤íŒŒì´ì‹œì±Œë¦°ì§€ #aespa #Ã¦spa #ì—ìŠ¤íŒŒ #Spicy #aespa_Spicy #shorts,6dnCK_H7KSk,2023-05-13,1416314,103427,-,-,22,11.546621328826953,16353641.440716218
#SpicyChallenge ğŸ¥µ with MINHYUKğŸ§‘â€ğŸ³ #ìŠ¤íŒŒì´ì‹œì±Œë¦°ì§€ #aespa #Ã¦spa #ì—ìŠ¤íŒŒ #Spicy #aespa_Spicy #shorts,iLhyDWVIKvA,2023-05-13,715362,61520,-,-,27,11.027117604179526,7888380.903561074
#SpicyChallenge ğŸš¨ with JOOHONEYğŸ #ìŠ¤íŒŒì´ì‹œì±Œë¦°ì§€ #aespa #Ã¦spa #ì—ìŠ¤íŒŒ #Spicy #aespa_Spicy #shorts,X3CknBUcQyI,2023-05-13,1402402,86176,-,-,23,11.364146995611325,15937102.474939313
[REPLAY] aespa ì—ìŠ¤íŒŒ â€˜MY WORLDâ€™ Countdown Live,2jjd2mLGuhc,2023-05-13,126193,10235,-,53,51,9.23356849809539,1165211.7094801515
#SpicyChallenge ğŸ”¥ with #ëŸ­í‚¤ì˜¤ë¹  âœ¨ #ìŠ¤íŒŒì´ì‹œì±Œë¦°ì§€ #aespa #Ã¦spa #ì—ìŠ¤íŒŒ #Spicy #aespa_Spicy #shorts,S6J7_a8vrNU,2023-05-13,504704,34810,-,-,24,10.457659980805484,5278022.822952451
Salty & SweetğŸ˜¾ğŸ˜» #aespa #Ã¦spa #ì—ìŠ¤íŒŒ #SaltyandSweet #shorts,mZbMqSuNllc,2023-05-11,563382,62427,-,-,5,11.04175315308089,6220724.974889018
Salty & SweetğŸ¥¨ğŸ« #aespa #Ã¦spa #ì—ìŠ¤íŒŒ #SaltyandSweet #shorts,KZGpDTD9YQU,2023-05-11,600431,65133,-,-,5,11.084186612202346,6655289.251751267
ìš°ë¦° í•œê³„ë¥¼ ì•ì„œâ˜„ï¸ #SpicyChallenge #ìŠ¤íŒŒì´ì‹œì±Œë¦°ì§€ #aespa #Ã¦spa #ì—ìŠ¤íŒŒ #Spicy #aespa_Spicy #shorts,-PT9iIHVOHc,2023-05-11,1829336,113196,-,-,25,11.636876108437853,21287756.39270527
ì‹¬ì¥ì„ íŒŒê³ ë“¤ì–´ ë„Œâ¤ï¸â€ğŸ”¥ #SpicyChallenge #ìŠ¤íŒŒì´ì‹œì±Œë¦°ì§€ #aespa #Ã¦spa #ì—ìŠ¤íŒŒ #Spicy #aespa_Spicy #shorts,2aYmuET9HQw,2023-05-11,2356909,126276,-,-,21,11.746225266528812,27684784.046709158
Don't Stop ê²ë‚´ì§€ ë§ˆğŸš¨ #SpicyChallenge #ìŠ¤íŒŒì´ì‹œì±Œë¦°ì§€ #aespa #Ã¦spa #ì—ìŠ¤íŒŒ #Spicy #aespa_Spicy #shorts,3q39cVo-liM,2023-05-11,1382819,95179,-,-,20,11.463514608211,15851965.807011727
â€˜Cause I'm too Spicy for your heartğŸ¥µ #SpicyChallenge #ìŠ¤íŒŒì´ì‹œì±Œë¦°ì§€ #aespa #Ã¦spa #ì—ìŠ¤íŒŒ #Spicy #aespa_Spicy,FDHCUd_2QUc,2023-05-11,3338574,228695,-,-,27,12.34014451706965,41198485.640931286
#SpicyChallengeğŸ”¥ with MIYEON #ìŠ¤íŒŒì´ì‹œì±Œë¦°ì§€ #aespa #Ã¦spa #ì—ìŠ¤íŒŒ #Spicy #aespa_Spicy #shorts,UmqzKW8DIkU,2023-05-11,4779538,239374,-,-,27,12.385782461362629,59198317.93381622
#ë°•ëª…ìˆ˜ ì„ ë°°ë‹˜ ê·¸ë¦¬ê³  ê°€í¬&í˜œì •ì´...ğŸ”¥ğŸ’ª #SpicyChallenge #ìŠ¤íŒŒì´ì‹œì±Œë¦°ì§€ #aespa #Ã¦spa #ì—ìŠ¤íŒŒ #Spicy #aespa_Spicy #shorts,uziE4f4Nnrs,2023-05-11,281543,19264,-,-,26,9.865993348108548,2777701.3652065247
our 1117th tryâ€¦ğŸ¤£ğŸŒ¶ï¸ #SpicyChallenge #ìŠ¤íŒŒì´ì‹œì±Œë¦°ì§€ #aespa #Ã¦spa #ì—ìŠ¤íŒŒ #Spicy #aespa_Spicy #shorts,9tOQBXHQlZc,2023-05-10,1902650,149289,-,-,28,11.913639303652905,22667485.821095202
come with aespaâœ¨ #SpicyChallenge #ìŠ¤íŒŒì´ì‹œì±Œë¦°ì§€ #aespa #Ã¦spa #ì—ìŠ¤íŒŒ #Spicy #aespa_Spicy #shorts,_SlSst9j-Ys,2023-05-10,988238,80165,-,-,28,11.291842289622938,11159027.640612394
Spicy #DanceTutorial with KARINA & NINGNINGâ¤ï¸â€ğŸ”¥ #SpicyChallenge  #ìŠ¤íŒŒì´ì‹œì±Œë¦°ì§€ #SpicyTutorial #ìŠ¤íŒŒì´ì‹œíŠœí† ë¦¬ì–¼,h8qK4cbpRAA,2023-05-09,1022573,74329,-,-,19,11.216256464110744,11469441.021275116
Spicy #DanceTutorial with GISELLE & WINTERâ¤ï¸â€ğŸ”¥ #SpicyChallenge  #ìŠ¤íŒŒì´ì‹œì±Œë¦°ì§€ #SpicyTutorial #ìŠ¤íŒŒì´ì‹œíŠœí† ë¦¬ì–¼,6FsrQ4cSVRw,2023-05-09,1320109,85654,-,-,22,11.358071204354712,14993892.019509494
ê°™ì´ ê·¸ëƒ¥ ì‹ ë‚˜ì£¼ì„¸ìš” ğŸ¤™ğŸ¥³ | aespa ì—ìŠ¤íŒŒ 'Spicy' ì‘ì›ë²•,oPY3AfGoyYQ,2023-05-09,305749,30602,-,4,52,10.328820645281759,3158026.5834742524
â¤ï¸â€ğŸ”¥ğŸ’™ğŸŒ™â­ï¸ğŸ¦‹â¤ï¸â€ğŸ”¥ #SpicyChallenge #ìŠ¤íŒŒì´ì‹œì±Œë¦°ì§€ #aespa #Ã¦spa #ì—ìŠ¤íŒŒ #Spicy #aespa_Spicy #shorts,T_4qp7Lhe6s,2023-05-09,1316562,84586,-,-,20,11.345524047266652,14937085.830717478
#í—ˆì‹¤ì¥ ë‹˜ê³¼ #SpicyChallenge ğŸ¥³ #aespa #Ã¦spa #ì—ìŠ¤íŒŒ #í—ˆì˜ì§€ #í•œë°¤ #Spicy #aespa_Spicy #shorts,A5CnLMlgrDc,2023-05-09,1874724,90215,-,-,21,11.409950989342398,21390508.958543938
ğŸ¤™SpicyğŸ¥µ (Sped up ver.) #SpicyChallenge #ìŠ¤íŒŒì´ì‹œì±Œë¦°ì§€ #aespa #Ã¦spa #ì—ìŠ¤íŒŒ #Spicy #aespa_Spicy #shorts,wOqpUNLQPNM,2023-05-09,435762,49351,-,-,18,10.806713308080846,4709155.004555926
ğ”–ğ”­ğ”¦ğ” ğ”¶ â„­ğ”©ğ”²ğ”Ÿ #aespa #ì—ìŠ¤íŒŒ #MYWORLD #Spicy #aespa_Spicy #shorts,rrnY685Dv1Q,2023-05-08,247514,29210,-,-,9,10.282266395381786,2545004.8845865275
aespaê°€ ë§ì•„ì£¼ëŠ” í•˜ì´í‹´ ë‹¬ë‹¤ ë‹¬ì•„..ğŸ«° ì•ìœ¼ë¡œ ì—¬ë¦„ì€ ë§¤ìš´ ê±°ë‹¤ğŸ¤™ğŸ¥µâ¤ï¸â€ğŸ”¥ #aespa #ì—ìŠ¤íŒŒ #Spicy #SpicyChallenge #ìŠ¤íŒŒì´ì‹œì±Œë¦°ì§€,kq2BpN6x_aI,2023-05-08,4066985,182427,-,-,22,12.114105371983344,49267884.83627568
aespa 'â€˜Til We Meet Again' (Official Audio),cWsZCogtH98,2023-05-08,875620,59400,-,3,39,10.992049505350737,9624858.387875212
aespa 'I'm Unhappy' (Official Audio),v3L1XdqGnyI,2023-05-08,1389605,73039,-,3,27,11.198748824046977,15561837.3596398
aespa 'Thirsty' (Official Audio),K8P_p4j9T38,2023-05-08,2440502,77471,-,3,14,11.257658951765176,27474339.187100817
aespa 'Salty & Sweet' (Official Audio),sORkB5o3b6o,2023-05-08,2517206,122531,-,3,22,11.716119338176817,29491885.894774713
aespa ì—ìŠ¤íŒŒ 'Welcome To MY World (Feat. nÃ¦vis)' MV Behind The Scenes,VgmgG0WGx84,2023-05-07,341630,33128,-,14,10,10.408134125225404,3555730.8612007545
Getting ready with NPCğŸ«¶,wsMfXIgMBdM,2023-05-05,701328,89000,-,-,20,11.396391648714276,7992608.562209486
Come to work at Thirsty Burger with NPCğŸ«¶,qhzM2xGmJRA,2023-05-05,1610528,145992,-,-,16,11.891307104668652,19151283.048667796
aespa ì—ìŠ¤íŒŒ 'Thirsty' Track Video,i0RCcSBPjuU,2023-05-04,6117019,321700,-,2,26,12.681374713227118,77572210.06692983
Welcoming nÃ¦vis into MY Worldâœ¨,vKzBPvx06c0,2023-05-04,540422,67987,-,-,27,11.127071789411104,6013314.390577128
aespa ì—ìŠ¤íŒŒ 'Salty & Sweet' Track Video,bL0Uxth2Edg,2023-05-03,4191943,292475,-,1,34,12.586134471915802,52760358.296606146
ğŸ¦‹ #aespa #NINGNING #ë‹ë‹ #MYWORLD #WelcomeToMYWorld,v0gI6GLrWBw,2023-05-03,487750,68337,-,-,9,11.132206626549452,5429733.782099496
â­ï¸ #aespa #WINTER #ìœˆí„° #MYWORLD #WelcomeToMYWorld,oiT9uMkuMVE,2023-05-03,232348,36436,-,-,9,10.503312575864701,2440423.6703770114
ğŸŒ™ #aespa #GISELLE #ì§€ì ¤ #MYWORLD #WelcomeToMYWorld,YkpxsVt2ukU,2023-05-03,191415,32592,-,-,9,10.391822138466587,1989150.6346345819
ğŸ’™ #aespa #KARINA #ì¹´ë¦¬ë‚˜ #MYWORLD #WelcomeToMYWorld,tbG_xmQkZb4,2023-05-03,380585,50057,-,-,9,10.82091763510371,4118278.9381559454
aespa ì—ìŠ¤íŒŒ 'I'm Unhappy' Track Video,CC7OrEx5H4U,2023-05-02,5925958,364957,-,2,28,12.807534817405518,75896913.41148277
"Goddess of the Desert, Spirit of the Forest, Fairy of the Wind, and â€¦ â›„ï¸",z07zRKzeh8U,2023-05-02,1007130,95183,-,-,14,11.46355663340511,11545291.792201288
i found a strange phenomenon at aespa.com,T62lOQgMJJ4,2023-04-28,189627,28605,-,-,16,10.261336806702628,1945826.5146445993
aespa ì—ìŠ¤íŒŒ 'MY WORLD' A STRANGE PHENOMENON #WINTER,U4MCGtqLu5U,2023-04-25,455748,76330,-,-,28,11.242821324792516,5123893.33313154
aespa ì—ìŠ¤íŒŒ 'MY WORLD' A STRANGE PHENOMENON #KARINA,2kNkH3Om5qU,2023-04-25,1364726,143930,-,-,28,11.877082349256716,16208963.08617172
ë¨¸ë¦¬ ì˜ëì–´ìš” ğŸ’‡ğŸ»â€â™€ï¸ ê¸°ë¶„ì „í™˜ìœ¼ë¡œğŸ«¢ | WINTER VOGUE Photoshoot Behind,MkzDcpoJsok,2023-04-25,206650,20371,-,5,59,9.921867599817558,2050353.9395022984
aespa ì—ìŠ¤íŒŒ 'MY WORLD' A STRANGE PHENOMENON #NINGNING,SMI7IE1V6vo,2023-04-24,477144,78488,-,-,29,11.270701025843227,5377747.3702749405
aespa ì—ìŠ¤íŒŒ 'MY WORLD' A STRANGE PHENOMENON #GISELLE,GEnedmVPE-s,2023-04-24,717082,92569,-,-,27,11.435709591367065,8200341.5051966775
BREAKING NEWS: A STRANGE PHENOMENON SPOTTED | MY WORLD NEWS,WfW6dJHKtIA,2023-04-23,1794270,140457,-,-,42,11.852656671091069,21266866.28523857
aespa 1st Concert D-Day Behind | â€˜SYNK : HYPER LINEâ€™ Record #04,Ae3Sm0a-ggc,2023-04-19,295875,23102,-,22,42,10.047674472848625,2972855.684654087
aespa ì—ìŠ¤íŒŒ 'MY WORLD' INTRO,teUR4QfuhGE,2023-04-17,1757605,167177,-,-,44,12.026808410361907,21138378.59609414
Hold on tight for a chaotic Ã¦nergy ğŸŒªï¸ğŸ«¶,PKyB3IHWd1g,2023-04-17,4463565,288502,-,-,21,12.572457297315275,56117980.356291056
aespa ì—ìŠ¤íŒŒ 'MY WORLD' #3,b4iqYkgAs7c,2023-04-16,223707,26474,-,-,28,10.183918398273716,2278213.8331226185
aespa ì—ìŠ¤íŒŒ 'MY WORLD' #2,7rHIDyGlnCw,2023-04-16,125058,20802,-,-,35,9.942804414913079,1243427.2345201997
aespa ì—ìŠ¤íŒŒ 'MY WORLD' #1,VXpHDH6TyvI,2023-04-16,120481,23143,-,-,29,10.049447637979663,1210767.5008714278
aespa 1st Concert Stage Practice and Rehearsal Behind | â€˜SYNK : HYPER LINEâ€™ Record #03,h4Od97wrd1Y,2023-04-03,413392,27871,-,26,26,10.235342000707783,4231208.500356592
aespa 'Hold On Tight' (Tetris Motion Picture Soundtrack) Visualizer,fvtzZFhrKLE,2023-03-31,7844352,266979,-,2,30,12.494925282603788,98014592.13044359
ì–´ë–¡í•´!! í™”ë³´ ë„ˆë¬´ ì¬ë°Œì–ì•„ğŸ§¸ğŸ¤ | NINGNING VOGUE plus Photoshoot Behind,qMLcW7FqwJw,2023-03-30,123022,15731,-,6,20,9.663388566822505,1188809.3882676382
aespa 1st Concert VCR Shooting Behind | â€˜SYNK : HYPER LINEâ€™ Record #02,oPwbelxjdCo,2023-03-27,252471,19007,-,13,4,9.852562611350837,2487486.335050357
GYMì ¤ ğŸ‹â€â™€ + ì†œì ¤ì˜ Q&A ğŸ–¤ | GiGi-log,dcfOXczg2hA,2023-03-17,1589901,102008,-,32,24,11.532806520563378,18336020.619850237
ì—¬ê¸°ëŠ” ì•Œë¡ë‹¬ë¡í•œ ì„¸ê³„ì…ë‹ˆë‹¤ ğŸ­ğŸ¬ | aespa Brand Concept Day Photoshoot Behind,NubGJ9lhik0,2023-03-14,231773,20004,-,9,43,9.903687532538795,2295407.3704791144
ë‚˜ë‘ ì°ê³  ì‹¶êµ¬ë‚˜ã€°â“ğŸ˜½ğŸ“¸ | aespa WEEK â€˜Come to MY illusionâ€™ Pop-up Store BehindğŸ”®ğŸ’—,Odtf7vz16GI,2023-03-10,223928,19499,-,7,49,9.878118461185586,2211987.310776366
2023 aespa 1st Concert â€˜SYNK : HYPER LINEâ€™ Recap Video,iirh6qh16l0,2023-03-09,404772,31631,-,3,7,10.361892931354786,4194204.1256103395
â¤ï¸â€ğŸ”¥MYs We love Uâ¤ï¸â€ğŸ”¥ 2023 aespa 1st Concert 'SYNK  HYPER LINE',YfsaNRjbzn4,2023-03-07,218182,30216,-,-,51,10.316126864392293,2250793.1915268395
aespa ì—ìŠ¤íŒŒ 'ep.3 Girls (Donâ€™t you know Iâ€™m a Savage?)' - SM Culture Universe Behind The Scenes,I_bmqViUic4,2023-03-04,505781,40781,-,20,42,10.615971565652215,5369356.714447143
aespa WEEK â€˜Come to MY illusionâ€™ | Pop-up Store Teaser,LtE24gYNg1k,2023-02-23,286242,30908,-,-,15,10.338770329053474,2959390.2965289247
aespa ì—ìŠ¤íŒŒ 'ep.3 Girls (Donâ€™t you know Iâ€™m a Savage?)' - SM Culture Universe,iq-ivLY_9A8,2023-02-23,2371735,204634,-,17,2,12.228978296601758,29003895.84029077
aespa ì—ìŠ¤íŒŒ 'ep.3 Girls (Donâ€™t you know Iâ€™m a Savage?)' Teaser - SM Culture Universe,4Rpp-a1o-8U,2023-02-20,1229559,105496,-,-,58,11.566428316487535,14221606.034392098
aespa 1st Concert Dance Practice Behind | 'SYNK : HYPER LINE' Record #01,z2kw1IygOPQ,2023-02-18,575963,39461,-,7,59,10.583068121374101,6095455.664390991
2023 aespa ì—ìŠ¤íŒŒ 1st Concert 'SYNK : HYPER LINE' KWANGYA VLOG,oHHpVFOpZc4,2023-02-17,502743,47434,-,7,15,10.76709455012484,5413081.415413412
aespa ì—ìŠ¤íŒŒ 'SYNK : HYPER LINE' Spoiler | 'Salty & Sweet' Dance Practice (Short Ver.),w5Y6FtngQ1w,2023-02-16,3225376,178806,-,1,20,12.094056698205506,39007880.217031285
See you at our 1st concert 'SYNK : HYPER LINE'ğŸ‘‹,y7-U_83Lghs,2023-02-11,288869,27565,-,1,2,10.224302131023784,2953483.9322867095
2023 aespa 1st Concert â€˜SYNK : HYPER LINEâ€™ Teaser #KARINA,LuydUFWim0Q,2023-02-08,243686,28319,-,-,30,10.251288236449755,2498095.425187495
2023 aespa 1st Concert â€˜SYNK : HYPER LINEâ€™ Teaser #NINGNING,UXYLIxwJxIU,2023-02-08,128264,18531,-,-,22,9.82720028436401,1260476.0172736652
2023 aespa 1st Concert â€˜SYNK : HYPER LINEâ€™ Teaser #WINTER,Zs6na63N118,2023-02-08,129074,17072,-,-,24,9.745194973541535,1257851.2960149
2023 aespa 1st Concert â€˜SYNK : HYPER LINEâ€™ Teaser #GISELLE,3cGQhQSkUOI,2023-02-08,127411,16629,-,-,22,9.718903438087914,1238295.2059502192
2023 aespa 1st Concert â€˜SYNK : HYPER LINEâ€™ Teaser #aespa,G_XT7kGMfKc,2023-02-08,71622,13135,-,-,24,9.48303570211964,679193.9830572129
ì—¬ê¸°ëŠ” ëˆˆì´ ë§ì´ ì˜¨ ì„¤ì› â˜ƒï¸ | '2022 Winter SMTOWN : SMCU PALACE' Jacket Behind,glA4JyfcjFc,2023-01-20,239633,19210,-,6,40,9.863186255762603,2363544.9120271597
2023ë…„ë„ í•¨ê»˜ í•˜ì‹œì£  ğŸ˜˜ | 2022 ì—°ë§ ë¬´ëŒ€ ë¹„í•˜ì¸ë“œ,yQDXJecJrls,2023-01-15,429307,34383,-,8,4,10.44531753516481,4484247.9350689985
ë°ë‹¤ ë°ì•„! ìš°ë¦¬ ë©¤ë²„ë“¤ âœ¨ğŸŒ³ | aespaâ€™s Sydney Vlog EP.02,Yfhfk08JCtA,2023-01-13,677696,42156,-,12,1,10.649132302053827,7216874.36457267
ì§„ì§œ Vacation ì˜¨ ê¸°ë¶„ì´ì•¼ ğŸ¦˜â˜€ï¸ | aespaâ€™s Sydney Vlog EP.01,tyajG-LpbSk,2023-01-12,995661,55234,-,7,47,10.919333984679737,10871954.994520212
aespa ì—ìŠ¤íŒŒ 'Girls' Stage Video,h-k2PcfFDwk,2023-01-01,5942712,133940,-,4,12,11.805147217464041,70154590.03099017
Spicy,xUV9pcwhY0U,2023-05-08,59959629,171646,-,3,18,12.05318949538099,722704770.4097413
Salty & Sweet,l4Z9kkYAggc,2023-05-08,11557194,54317,-,3,22,10.902592532430562,126003377.0002513
Thirsty,O5qOB4cDr7s,2023-05-08,18320364,80700,-,3,14,11.29849385425804,206992520.06177026
'Til We Meet Again,EcyY3nJXd0o,2023-05-08,1744104,12607,-,3,39,9.44200749423127,16467843.038718734
Welcome To MY World,_ggFkc0irCc,2023-05-08,3414728,23022,-,3,27,10.044205559475007,34298229.96169497
I'm Unhappy,Ucrv2cOapb0,2023-05-08,5867333,35753,-,3,26,10.484389460685312,61515404.267531134
Welcome To MY World,DqhjAzl-uuw,2023-05-02,3393483,37233,-,3,27,10.52495074379763,35716241.42491461
Hold On Tight,sv54x9HV2LU,2023-03-30,9673831,165273,-,2,30,12.015353931084846,116234503.33450045
ì˜¤ëŠ˜ ì§„ì§œ ê°€ë³ê³  ëŠë‚Œ ì¢‹ì•„ìš”â˜€ï¸â›±ï¸ | aespa W Korea Photoshoot Behind,QxP4eiaubEQ,2023-06-30,165617,14773,-,10,40,9.600556469321608,1590015.3607796368
Gucci Cruise 2024 Behind + Unboxing Gift â¤ï¸ğŸ’š | Ã¦CONIC #01,bsQUGHKCdfc,2023-06-21,242359,16846,-,2,16,9.73186851887531,2358605.9223661013
Run Run Run Kitty Kitty Run Run ğŸˆâ€â¬› with #TAEYONG #aespa #ì—ìŠ¤íŒŒ #KARINA #ì¹´ë¦¬ë‚˜ #MYWORLD #SaltyandSweet,SgXRNgQToMg,2023-06-17,4739697,399343,-,-,13,12.897575975708124,61130602.15933587
NINGNING at CannesğŸ¹ğŸŒ´ğŸ–¤ | NINGâ€™S LOG,Won5pPJVPyA,2023-06-16,277350,24549,-,8,20,10.10842639919549,2803572.0618168693
#SpicyChallenge ğŸ”¥ with #TAEYONG #íƒœìš© #ìŠ¤íŒŒì´ì‹œì±Œë¦°ì§€ #aespa #Ã¦spa #ì—ìŠ¤íŒŒ #Spicy #aespa_Spicy #shorts,bL1yTcx6jFs,2023-06-15,2166622,171736,-,-,27,12.053713692933924,26115841.268811885
aespa at Gov Ball NYCğŸ—½ğŸ¸âš¡ï¸ #aespa #ì—ìŠ¤íŒŒ #govballnyc #aespaatGovBallNYC #shorts,VMdk5UXP3A8,2023-06-14,276952,38453,-,-,43,10.557191995297144,2923835.4374815347
Unboxing aespa The 3rd Mini Album 'MY WORLD' ğŸ’¿ğŸ’˜,bfK51JPgUqw,2023-06-14,54465,6653,-,1,21,8.802823159741887,479445.76339534187
Our first pitch at Yankee Stadiumâš¾ï¸ğŸ’« #aespa #ì—ìŠ¤íŒŒ #NewYorkYankees #Yankees #shorts,8bmMNmdpR2Q,2023-06-13,238432,30443,-,-,42,10.323611361652953,2461479.304181637
Unboxing 'MY WORLD' Album with NPC aespa ğŸ«¶ #aespa #ì—ìŠ¤íŒŒ #MYWORLD #aespa_MYWORLD #shorts,BiIrOwRGPPc,2023-06-13,346760,48956,-,-,13,10.798677214502229,3744549.310900793
POV: you're my phone under the Brooklyn Bridgeâœ¨ #aespa #ì—ìŠ¤íŒŒ #KARINA #ì¹´ë¦¬ë‚˜ #shorts,PZjpvOXqYa8,2023-06-12,320671,40496,-,-,10,10.608958482784905,3401985.3256331184
ì ì‹¬(?)ì„ ë¨¹ê³  Growing upâ£ï¸ | aespa ì—ìŠ¤íŒŒ 'Spicy' ìŒì•…ë°©ì†¡ ë¹„í•˜ì¸ë“œ,c2kzZ24NmHc,2023-06-11,477574,34532,-,12,24,10.449641709355413,4990477.189703702
aespa 'Hold On Tight' MV | Tetris Motion Picture Soundtrack,1XZRhrt1Tkg,2023-06-06,1741797,119007,-,2,42,11.686937593893042,20356272.84023012
ğŸ’„âœ¨ #aespa #NINGNING #CannesFilmFestival #Cannes2023 #aespaatCannes #yslbeauty #shorts,uTcBJtHPbak,2023-06-05,425900,47353,-,-,9,10.765385454579738,4584977.6651055105
aespa ì—ìŠ¤íŒŒ 'Spicy' Recording Behind The Scenes,j8S8wmVKhr4,2023-06-01,1794235,89025,-,27,42,11.39667250814598,20448308.6976533
Run Run Run Kitty Kitty Run Run ğŸˆâ€â¬› #aespa #ì—ìŠ¤íŒŒ #KARINA #ì¹´ë¦¬ë‚˜ #MYWORLD #SaltyandSweet #shorts,RHZrGiwg7fI,2023-06-01,2759506,258624,-,-,14,12.463130548438146,34392083.52719835
aespa ì—ìŠ¤íŒŒ 'Welcome To MY World (Feat. nÃ¦vis)' Recording Behind The Scenes,vGwLHGBi_D4,2023-05-30,462078,46891,-,15,51,10.755581038365076,4969917.375045657
aespa ì—ìŠ¤íŒŒ 'Iâ€™m Unhappy' Track Video Behind The Scenes,KcUi7bKZkgE,2023-05-29,192208,20381,-,12,47,9.922358373286379,1907156.6582126282
yummyğŸ¤© #aespa #ì—ìŠ¤íŒŒ #MYWORLD #aespa_MYWORLD #Spicy #aespa_Spicy #shorts,MsHYQXNC2q0,2023-05-29,923169,86190,-,-,20,11.364309440641446,10491178.182007523
aespa ì—ìŠ¤íŒŒ 'â€˜Til We Meet Again' Special Video,QeTNjrmsUwc,2023-05-28,392051,43050,-,2,38,10.670117509855876,4183230.239856506
ğŸ’™ğŸŒ™aespa at Cannesâ­ï¸ğŸ¦‹ #aespa #ì—ìŠ¤íŒŒ #CannesFilmFestival #Cannes2023 #aespaatCannes #Chopard #shorts,FbIDk92DHU8,2023-05-27,378982,43913,-,-,19,10.689965682788792,4051304.574394662
aespa ì—ìŠ¤íŒŒ 'Thirsty' + 'Salty & Sweet' Track Video Behind The Scenes,-vEHJOch77M,2023-05-26,276487,21415,-,16,45,9.971846890049472,2757086.0310891084
#SpicyChallenge â¤ï¸â€ğŸ”¥ with #ë¯¸ì£¼ #ìŠ¤íŒŒì´ì‹œì±Œë¦°ì§€ #aespa #Ã¦spa #ì—ìŠ¤íŒŒ #Spicy #aespa_Spicy #ì…€í°ì½”ë“œ #shorts,cpcuAcbTrjE,2023-05-25,1357327,79800,-,-,22,11.2872787834379,15320528.249287415
Salty & Sweet and yaaaangâ€¦ğŸ¦– #yaaaang #dinosaurchant #aespa #ì—ìŠ¤íŒŒ #MYWORLD #SaltyandSweet #shorts,jsSEqE6Lg-U,2023-05-24,609765,69889,-,-,11,11.154663548170214,6801723.418450011
aespa ì—ìŠ¤íŒŒ â€˜MY WORLDâ€™ Jacket Behind The Scenes,hy2U1tPYNhw,2023-05-23,188824,16908,-,20,32,9.73554216168668,1838304.013138326
#SpicyChallenge ğŸ¥µ with #ë°•ì¬ë²” #ìŠ¤íŒŒì´ì‹œì±Œë¦°ì§€ #aespa #Ã¦spa #ì—ìŠ¤íŒŒ #Spicy #aespa_Spicy #shorts,sJH3qJOyd2o,2023-05-23,1228739,72245,-,-,20,11.187818399427712,13746908.792294407
ìš°ë¦° í•œê³„ë¥¼ ì•ì„œ Wow x3 ğŸ’¥ MY ë•ë¶„ì´ì—ìš”! ì¸ê°€ 1ìœ„ê¹Œì§€ ê³ ë§ˆì›Œìš”ğŸ’ğŸ† #aespa #ì—ìŠ¤íŒŒ #Spicy #aespa_Spicy #Spicy4thwin #ì¸ê¸°ê°€ìš”,-9TTSwSggKc,2023-05-23,255566,25395,-,-,19,10.142307583235345,2592028.979817124
#SpicyChallenge ğŸ’ with #KIMCHAEWON #ê¹€ì±„ì› ğŸ‘¿ğŸ° #ìŠ¤íŒŒì´ì‹œì±Œë¦°ì§€ #aespa #Ã¦spa #ì—ìŠ¤íŒŒ #Spicy #aespa_Spicy #shorts,illwwKfv1UY,2023-05-21,4456015,248395,-,-,26,12.422775500014396,55356073.96969665
#SpicyChallenge â¤ï¸â€ğŸ”¥ with #YUQI #ìŠ¤íŒŒì´ì‹œì±Œë¦°ì§€ #aespa #Ã¦spa #ì—ìŠ¤íŒŒ #Spicy #aespa_Spicy #shorts,7rEWKNzngtE,2023-05-21,1635010,112288,-,-,20,11.628822278382941,19013240.71337889
YONSEI youâ€™re too Spicy for my heartğŸ’™ Thank youğŸ¤,9dPKOESYMow,2023-05-21,165694,15077,-,1,41,9.62092568277892,1594129.6600823703
I'm too Spicy for your heartğŸ©µ #aespa #ì—ìŠ¤íŒŒ #Spicy #aespa_Spicy #ì—°ì„¸ëŒ€í•™êµ #ì•„ì¹´ë¼ì¹´ #shorts,ZjKyc2dXfmw,2023-05-20,347489,34511,-,-,45,10.449033392780306,3630924.1646238356
ì•„ ìš°ë¦¬ ì‹ ì…ìƒì´êµ¬ë‚˜?! ğŸ¤”ğŸ’­ğŸ‘€ | aespaâ€™s Spicy Love Letter ğŸ’Œ,Iec3Sa8PC8s,2023-05-20,305335,20828,-,29,8,9.944053514282789,3036267.5797835356
ë›°ì–´ë“¤ì–´ ë´ Just right nowğŸ‘‡ğŸ¥° MY!! ìŒì¤‘ 1ìœ„ ê³ ë§ˆì›Œìš”ğŸ† #aespa #ì—ìŠ¤íŒŒ #Spicy #aespa_Spicy #Spicy3rdwin #ì‡¼ìŒì•…ì¤‘ì‹¬,ep7Tg5840TI,2023-05-20,159792,19807,-,-,7,9.893790689557264,1580948.6018657342
ê¸°ì„¸ê°€ ë‹¤ë¥¸ Move ë„ ì••ë„í•˜ëŠ” Groove MYğŸ¥¹ ë®¤ë±… 1ìœ„ ê°ì‚¬í•©ë‹ˆë‹¤â¤ï¸â€ğŸ”¥ğŸ† #aespa #ì—ìŠ¤íŒŒ #Spicy #aespa_Spicy #Spicy2ndwin #ë®¤ì§ë±…í¬,nhYa2Zf9H0E,2023-05-19,360139,32814,-,-,18,10.398610532574828,3744945.198590966
My life - aespa = 0 #meinpublicmymind #aespa #ì—ìŠ¤íŒŒ #NINGNING #ë‹ë‹ #MYWORLD  #ImUnhappy #shorts,vaxMULxy-rU,2023-05-19,298002,40755,-,-,38,10.615333810528558,3163390.7062051315
ìŠ¤íŒŒì´ì‹œí•˜ë‹¤ ì˜ì§€ì•¼ğŸŒ¶ï¸ğŸš¨#ì¹´ë¦¬ë‚˜ with #ì´ì˜ì§€ #SpicyChallenge #ìŠ¤íŒŒì´ì‹œì±Œë¦°ì§€ #aespa #ì—ìŠ¤íŒŒ #KARINA #Spicy #ì°¨ë¦°ê±´ì¥ë¿”ë„ì—†ì§€ë§Œ #shorts,JNVhm1UqJZc,2023-05-19,4936931,250558,-,-,42,12.431445709632667,61373189.698702514
ê¹œë¹¡ í•œìˆœê°„ ëŒì–´ë‹¹ê²¨ You'll be mine ğŸ† MYë“¤ ì— ì¹´ 1ìœ„ ê³ ë§ˆì›Œìš”ğŸŒ¶ğŸ«¶ #aespa #ì—ìŠ¤íŒŒ #Spicy #Spicy1stwin #ì— ì¹´ìš´íŠ¸ë‹¤ìš´ #shorts,OQk_JmVUHfo,2023-05-18,429276,33407,-,-,10,10.416520737844118,4471562.356258771
the reason why iâ€™m busy at workğŸ‘©â€ğŸ’»ğŸ’­ #meinpublicmymind #aespa #ì—ìŠ¤íŒŒ #WINTER #ìœˆí„° #SaltyandSweet #shorts,g0viUoqVzJg,2023-05-18,604484,68646,-,-,28,11.136718142928999,6731967.929910293
#ê¹€ì¢…êµ­ ì„ ë°°ë‹˜ê³¼ í•¨ê»˜ #SpicyChallenge ğŸ’ªğŸ˜¬ #ìŠ¤íŒŒì´ì‹œì±Œë¦°ì§€ #aespa #Ã¦spa #ì—ìŠ¤íŒŒ #Spicy #aespa_Spicy #ì§ì¢…êµ­ #shorts,mQucOIWaOR8,2023-05-18,1397354,56008,-,-,22,10.933249816657034,15277620.364304973
#SpicyChallengeğŸ¥µ with #HONGEUNCHAE #í™ì€ì±„ ğŸ‘¿ğŸ° #ìŠ¤íŒŒì´ì‹œì±Œë¦°ì§€ #aespa #ì—ìŠ¤íŒŒ #KARINA #NINGNING #LE_SSERAFIM #ë¥´ì„¸ë¼í•Œ,L9783xqiKeA,2023-05-18,1065545,79807,-,-,21,11.287366498889034,12027196.936058715
My life is complete with aespa and a cup of coffee â˜•ï¸ğŸ§ #meinpublicmyheadphone #aespa #GISELLE,129cYz92Lp4,2023-05-17,315693,40555,-,-,22,10.610414356504446,3349633.539447958
Random sauce game: which one is Spicy? ğŸ¥µ #SpicyGame #aespa #ì—ìŠ¤íŒŒ #KARINA #WINTER #Spicy #shorts,mhnBpbMWnH4,2023-05-17,1771371,160854,-,-,23,11.98825240024731,21235642.642478477
Random sauce game: which one is Spicy? ğŸ¤¯ #SpicyGame #aespa #ì—ìŠ¤íŒŒ #GISELLE #NINGNING #Spicy #shorts,-jtQR3IhzAU,2023-05-17,512136,65481,-,-,25,11.089515303207188,5679340.009323317
todayâ€™s mood: too Spicy ğŸ¥µğŸ”¥ #walkingtypes #aespa #ì—ìŠ¤íŒŒ #GISELLE #WINTER #Spicy #aespa_Spicy #shorts,ztlROkiWFtY,2023-05-16,1000990,84771,-,-,12,11.347708782159037,11358943.013853375
todayâ€™s mood: Spicy ğŸ¥µ #walkingtypes #aespa #ì—ìŠ¤íŒŒ #KARINA #NINGNING #Spicy #aespa_Spicy #shorts,cYdtvRvGJD4,2023-05-16,2607427,193829,-,-,12,12.174731606046924,31744723.907360114
aespa ì—ìŠ¤íŒŒ 'Spicy' MV Behind The Scenes,59xPZBacM5c,2023-05-15,428750,31629,-,16,51,10.361829700245059,4442634.483980069
Today i wanted to eat something spicyğŸ¤™ğŸŒ¶ï¸ #meme #quaso #aespa #ì—ìŠ¤íŒŒ #Spicy #aespa_Spicy #shorts,7DfldFk9ohs,2023-05-15,536113,93571,-,-,18,11.446475785398915,6136604.472737568
ë˜ ë‹¤ë¥¸ ë‚˜ë¥¼ ì°¾ì•„ë‚´ I'm too Spicyâ¤ï¸â€ğŸ”¥ #SpicyChallenge #ìŠ¤íŒŒì´ì‹œì±Œë¦°ì§€ #aespa #Ã¦spa #ì—ìŠ¤íŒŒ #Spicy #aespa_Spicy,8IKtNmK5EkQ,2023-05-15,1013923,71007,-,-,22,11.170533742712921,11326061.084012713
#SpicyChallenge â¤ï¸â€ğŸ”¥ with #HUHYUNJIN #í—ˆìœ¤ì§„ ğŸ‘¿ğŸ° #ìŠ¤íŒŒì´ì‹œì±Œë¦°ì§€ #aespa #Ã¦spa #ì—ìŠ¤íŒŒ #Spicy #aespa_Spicy,GZH-d9MYLuc,2023-05-15,1834634,133615,-,-,23,11.802717809231368,21653667.38522138
#SpicyChallenge ğŸ¥µğŸ¤¯ with #ì„œì€ê´‘ #ì´ì°½ì„­ ğŸ€ #ìŠ¤íŒŒì´ì‹œì±Œë¦°ì§€ #aespa #Ã¦spa #ì—ìŠ¤íŒŒ #Spicy #aespa_Spicy #shorts,Hcjmcr1Lb38,2023-05-15,2070669,108039,-,-,24,11.590247552032542,23999566.308319673
my social ego vs k-pop ego ğŸ§â¤ï¸â€ğŸ”¥ #meinpublicmyheadphone #aespa #ì—ìŠ¤íŒŒ #KARINA #ì¹´ë¦¬ë‚˜ #Spicy #shorts,5q26CpS_pRc,2023-05-14,2664235,237382,-,-,19,12.377425936884634,32976371.390955836
ë„ˆëŠ” ë‹¿ì„ìˆ˜ë¡ Thirsty ğŸ«¶ #aespa #ì—ìŠ¤íŒŒ #MYWORLD #aespa_MYWORLD #Thirsty #aespa_Thirsty #shorts,Mczt92misA4,2023-05-14,234511,22929,-,-,21,10.040157763910994,2354527.4373725313
#SpicyChallenge â˜„ï¸ with JUNGWOOğŸ¾ #ìŠ¤íŒŒì´ì‹œì±Œë¦°ì§€ #aespa #Ã¦spa #ì—ìŠ¤íŒŒ #Spicy #aespa_Spicy #shorts,6dnCK_H7KSk,2023-05-13,1416314,103427,-,-,22,11.546621328826953,16353641.440716218
#SpicyChallenge ğŸ¥µ with MINHYUKğŸ§‘â€ğŸ³ #ìŠ¤íŒŒì´ì‹œì±Œë¦°ì§€ #aespa #Ã¦spa #ì—ìŠ¤íŒŒ #Spicy #aespa_Spicy #shorts,iLhyDWVIKvA,2023-05-13,715362,61520,-,-,27,11.027117604179526,7888380.903561074
#SpicyChallenge ğŸš¨ with JOOHONEYğŸ #ìŠ¤íŒŒì´ì‹œì±Œë¦°ì§€ #aespa #Ã¦spa #ì—ìŠ¤íŒŒ #Spicy #aespa_Spicy #shorts,X3CknBUcQyI,2023-05-13,1402402,86176,-,-,23,11.364146995611325,15937102.474939313
[REPLAY] aespa ì—ìŠ¤íŒŒ â€˜MY WORLDâ€™ Countdown Live,2jjd2mLGuhc,2023-05-13,126193,10235,-,53,51,9.23356849809539,1165211.7094801515
#SpicyChallenge ğŸ”¥ with #ëŸ­í‚¤ì˜¤ë¹  âœ¨ #ìŠ¤íŒŒì´ì‹œì±Œë¦°ì§€ #aespa #Ã¦spa #ì—ìŠ¤íŒŒ #Spicy #aespa_Spicy #shorts,S6J7_a8vrNU,2023-05-13,504704,34810,-,-,24,10.457659980805484,5278022.822952451
Salty & SweetğŸ˜¾ğŸ˜» #aespa #Ã¦spa #ì—ìŠ¤íŒŒ #SaltyandSweet #shorts,mZbMqSuNllc,2023-05-11,563382,62427,-,-,5,11.04175315308089,6220724.974889018
Salty & SweetğŸ¥¨ğŸ« #aespa #Ã¦spa #ì—ìŠ¤íŒŒ #SaltyandSweet #shorts,KZGpDTD9YQU,2023-05-11,600431,65133,-,-,5,11.084186612202346,6655289.251751267
ìš°ë¦° í•œê³„ë¥¼ ì•ì„œâ˜„ï¸ #SpicyChallenge #ìŠ¤íŒŒì´ì‹œì±Œë¦°ì§€ #aespa #Ã¦spa #ì—ìŠ¤íŒŒ #Spicy #aespa_Spicy #shorts,-PT9iIHVOHc,2023-05-11,1829336,113196,-,-,25,11.636876108437853,21287756.39270527
ì‹¬ì¥ì„ íŒŒê³ ë“¤ì–´ ë„Œâ¤ï¸â€ğŸ”¥ #SpicyChallenge #ìŠ¤íŒŒì´ì‹œì±Œë¦°ì§€ #aespa #Ã¦spa #ì—ìŠ¤íŒŒ #Spicy #aespa_Spicy #shorts,2aYmuET9HQw,2023-05-11,2356909,126276,-,-,21,11.746225266528812,27684784.046709158
Don't Stop ê²ë‚´ì§€ ë§ˆğŸš¨ #SpicyChallenge #ìŠ¤íŒŒì´ì‹œì±Œë¦°ì§€ #aespa #Ã¦spa #ì—ìŠ¤íŒŒ #Spicy #aespa_Spicy #shorts,3q39cVo-liM,2023-05-11,1382819,95179,-,-,20,11.463514608211,15851965.807011727
â€˜Cause I'm too Spicy for your heartğŸ¥µ #SpicyChallenge #ìŠ¤íŒŒì´ì‹œì±Œë¦°ì§€ #aespa #Ã¦spa #ì—ìŠ¤íŒŒ #Spicy #aespa_Spicy,FDHCUd_2QUc,2023-05-11,3338603,228695,-,-,27,12.34014451706965,41198843.50512228
#SpicyChallengeğŸ”¥ with MIYEON #ìŠ¤íŒŒì´ì‹œì±Œë¦°ì§€ #aespa #Ã¦spa #ì—ìŠ¤íŒŒ #Spicy #aespa_Spicy #shorts,UmqzKW8DIkU,2023-05-11,4779591,239374,-,-,27,12.385782461362629,59198974.38028667
#ë°•ëª…ìˆ˜ ì„ ë°°ë‹˜ ê·¸ë¦¬ê³  ê°€í¬&í˜œì •ì´...ğŸ”¥ğŸ’ª #SpicyChallenge #ìŠ¤íŒŒì´ì‹œì±Œë¦°ì§€ #aespa #Ã¦spa #ì—ìŠ¤íŒŒ #Spicy #aespa_Spicy #shorts,uziE4f4Nnrs,2023-05-11,281543,19264,-,-,26,9.865993348108548,2777701.3652065247
our 1117th tryâ€¦ğŸ¤£ğŸŒ¶ï¸ #SpicyChallenge #ìŠ¤íŒŒì´ì‹œì±Œë¦°ì§€ #aespa #Ã¦spa #ì—ìŠ¤íŒŒ #Spicy #aespa_Spicy #shorts,9tOQBXHQlZc,2023-05-10,1902650,149289,-,-,28,11.913639303652905,22667485.821095202
come with aespaâœ¨ #SpicyChallenge #ìŠ¤íŒŒì´ì‹œì±Œë¦°ì§€ #aespa #Ã¦spa #ì—ìŠ¤íŒŒ #Spicy #aespa_Spicy #shorts,_SlSst9j-Ys,2023-05-10,988238,80165,-,-,28,11.291842289622938,11159027.640612394
Spicy #DanceTutorial with KARINA & NINGNINGâ¤ï¸â€ğŸ”¥ #SpicyChallenge  #ìŠ¤íŒŒì´ì‹œì±Œë¦°ì§€ #SpicyTutorial #ìŠ¤íŒŒì´ì‹œíŠœí† ë¦¬ì–¼,h8qK4cbpRAA,2023-05-09,1022573,74329,-,-,19,11.216256464110744,11469441.021275116
Spicy #DanceTutorial with GISELLE & WINTERâ¤ï¸â€ğŸ”¥ #SpicyChallenge  #ìŠ¤íŒŒì´ì‹œì±Œë¦°ì§€ #SpicyTutorial #ìŠ¤íŒŒì´ì‹œíŠœí† ë¦¬ì–¼,6FsrQ4cSVRw,2023-05-09,1320109,85654,-,-,22,11.358071204354712,14993892.019509494
ê°™ì´ ê·¸ëƒ¥ ì‹ ë‚˜ì£¼ì„¸ìš” ğŸ¤™ğŸ¥³ | aespa ì—ìŠ¤íŒŒ 'Spicy' ì‘ì›ë²•,oPY3AfGoyYQ,2023-05-09,305749,30602,-,4,52,10.328820645281759,3158026.5834742524
â¤ï¸â€ğŸ”¥ğŸ’™ğŸŒ™â­ï¸ğŸ¦‹â¤ï¸â€ğŸ”¥ #SpicyChallenge #ìŠ¤íŒŒì´ì‹œì±Œë¦°ì§€ #aespa #Ã¦spa #ì—ìŠ¤íŒŒ #Spicy #aespa_Spicy #shorts,T_4qp7Lhe6s,2023-05-09,1316562,84586,-,-,20,11.345524047266652,14937085.830717478
#í—ˆì‹¤ì¥ ë‹˜ê³¼ #SpicyChallenge ğŸ¥³ #aespa #Ã¦spa #ì—ìŠ¤íŒŒ #í—ˆì˜ì§€ #í•œë°¤ #Spicy #aespa_Spicy #shorts,A5CnLMlgrDc,2023-05-09,1874724,90215,-,-,21,11.409950989342398,21390508.958543938
ğŸ¤™SpicyğŸ¥µ (Sped up ver.) #SpicyChallenge #ìŠ¤íŒŒì´ì‹œì±Œë¦°ì§€ #aespa #Ã¦spa #ì—ìŠ¤íŒŒ #Spicy #aespa_Spicy #shorts,wOqpUNLQPNM,2023-05-09,435762,49351,-,-,18,10.806713308080846,4709155.004555926
ğ”–ğ”­ğ”¦ğ” ğ”¶ â„­ğ”©ğ”²ğ”Ÿ #aespa #ì—ìŠ¤íŒŒ #MYWORLD #Spicy #aespa_Spicy #shorts,rrnY685Dv1Q,2023-05-08,247515,29210,-,-,9,10.282266395381786,2545015.1668529226
aespaê°€ ë§ì•„ì£¼ëŠ” í•˜ì´í‹´ ë‹¬ë‹¤ ë‹¬ì•„..ğŸ«° ì•ìœ¼ë¡œ ì—¬ë¦„ì€ ë§¤ìš´ ê±°ë‹¤ğŸ¤™ğŸ¥µâ¤ï¸â€ğŸ”¥ #aespa #ì—ìŠ¤íŒŒ #Spicy #SpicyChallenge #ìŠ¤íŒŒì´ì‹œì±Œë¦°ì§€,kq2BpN6x_aI,2023-05-08,4066985,182427,-,-,22,12.114105371983344,49267884.83627568
aespa 'â€˜Til We Meet Again' (Official Audio),cWsZCogtH98,2023-05-08,875620,59400,-,3,39,10.992049505350737,9624858.387875212
aespa 'I'm Unhappy' (Official Audio),v3L1XdqGnyI,2023-05-08,1389605,73039,-,3,27,11.198748824046977,15561837.3596398
aespa 'Thirsty' (Official Audio),K8P_p4j9T38,2023-05-08,2440502,77471,-,3,14,11.257658951765176,27474339.187100817
aespa 'Salty & Sweet' (Official Audio),sORkB5o3b6o,2023-05-08,2517206,122531,-,3,22,11.716119338176817,29491885.894774713
aespa ì—ìŠ¤íŒŒ 'Welcome To MY World (Feat. nÃ¦vis)' MV Behind The Scenes,VgmgG0WGx84,2023-05-07,341630,33128,-,14,10,10.408134125225404,3555730.8612007545
Getting ready with NPCğŸ«¶,wsMfXIgMBdM,2023-05-05,701328,89000,-,-,20,11.396391648714276,7992608.562209486
Come to work at Thirsty Burger with NPCğŸ«¶,qhzM2xGmJRA,2023-05-05,1610528,145992,-,-,16,11.891307104668652,19151283.048667796
aespa ì—ìŠ¤íŒŒ 'Thirsty' Track Video,i0RCcSBPjuU,2023-05-04,6117019,321700,-,2,26,12.681374713227118,77572210.06692983
Welcoming nÃ¦vis into MY Worldâœ¨,vKzBPvx06c0,2023-05-04,540422,67987,-,-,27,11.127071789411104,6013314.390577128
aespa ì—ìŠ¤íŒŒ 'Salty & Sweet' Track Video,bL0Uxth2Edg,2023-05-03,4191943,292475,-,1,34,12.586134471915802,52760358.296606146
ğŸ¦‹ #aespa #NINGNING #ë‹ë‹ #MYWORLD #WelcomeToMYWorld,v0gI6GLrWBw,2023-05-03,487750,68337,-,-,9,11.132206626549452,5429733.782099496
â­ï¸ #aespa #WINTER #ìœˆí„° #MYWORLD #WelcomeToMYWorld,oiT9uMkuMVE,2023-05-03,232348,36436,-,-,9,10.503312575864701,2440423.6703770114
ğŸŒ™ #aespa #GISELLE #ì§€ì ¤ #MYWORLD #WelcomeToMYWorld,YkpxsVt2ukU,2023-05-03,191415,32592,-,-,9,10.391822138466587,1989150.6346345819
ğŸ’™ #aespa #KARINA #ì¹´ë¦¬ë‚˜ #MYWORLD #WelcomeToMYWorld,tbG_xmQkZb4,2023-05-03,380585,50057,-,-,9,10.82091763510371,4118278.9381559454
aespa ì—ìŠ¤íŒŒ 'I'm Unhappy' Track Video,CC7OrEx5H4U,2023-05-02,5925958,364957,-,2,28,12.807534817405518,75896913.41148277
"Goddess of the Desert, Spirit of the Forest, Fairy of the Wind, and â€¦ â›„ï¸",z07zRKzeh8U,2023-05-02,1007130,95183,-,-,14,11.46355663340511,11545291.792201288
i found a strange phenomenon at aespa.com,T62lOQgMJJ4,2023-04-28,189627,28605,-,-,16,10.261336806702628,1945826.5146445993
aespa ì—ìŠ¤íŒŒ 'MY WORLD' A STRANGE PHENOMENON #WINTER,U4MCGtqLu5U,2023-04-25,455748,76330,-,-,28,11.242821324792516,5123893.33313154
aespa ì—ìŠ¤íŒŒ 'MY WORLD' A STRANGE PHENOMENON #KARINA,2kNkH3Om5qU,2023-04-25,1364726,143930,-,-,28,11.877082349256716,16208963.08617172
ë¨¸ë¦¬ ì˜ëì–´ìš” ğŸ’‡ğŸ»â€â™€ï¸ ê¸°ë¶„ì „í™˜ìœ¼ë¡œğŸ«¢ | WINTER VOGUE Photoshoot Behind,MkzDcpoJsok,2023-04-25,206650,20371,-,5,59,9.921867599817558,2050353.9395022984
aespa ì—ìŠ¤íŒŒ 'MY WORLD' A STRANGE PHENOMENON #NINGNING,SMI7IE1V6vo,2023-04-24,477144,78488,-,-,29,11.270701025843227,5377747.3702749405
aespa ì—ìŠ¤íŒŒ 'MY WORLD' A STRANGE PHENOMENON #GISELLE,GEnedmVPE-s,2023-04-24,717082,92569,-,-,27,11.435709591367065,8200341.5051966775
BREAKING NEWS: A STRANGE PHENOMENON SPOTTED | MY WORLD NEWS,WfW6dJHKtIA,2023-04-23,1794270,140457,-,-,42,11.852656671091069,21266866.28523857
aespa 1st Concert D-Day Behind | â€˜SYNK : HYPER LINEâ€™ Record #04,Ae3Sm0a-ggc,2023-04-19,295875,23102,-,22,42,10.047674472848625,2972855.684654087
aespa ì—ìŠ¤íŒŒ 'MY WORLD' INTRO,teUR4QfuhGE,2023-04-17,1757605,167177,-,-,44,12.026808410361907,21138378.59609414
Hold on tight for a chaotic Ã¦nergy ğŸŒªï¸ğŸ«¶,PKyB3IHWd1g,2023-04-17,4463565,288502,-,-,21,12.572457297315275,56117980.356291056
aespa ì—ìŠ¤íŒŒ 'MY WORLD' #3,b4iqYkgAs7c,2023-04-16,223707,26474,-,-,28,10.183918398273716,2278213.8331226185
aespa ì—ìŠ¤íŒŒ 'MY WORLD' #2,7rHIDyGlnCw,2023-04-16,125058,20802,-,-,35,9.942804414913079,1243427.2345201997
aespa ì—ìŠ¤íŒŒ 'MY WORLD' #1,VXpHDH6TyvI,2023-04-16,120481,23143,-,-,29,10.049447637979663,1210767.5008714278
aespa 1st Concert Stage Practice and Rehearsal Behind | â€˜SYNK : HYPER LINEâ€™ Record #03,h4Od97wrd1Y,2023-04-03,413392,27871,-,26,26,10.235342000707783,4231208.500356592
aespa 'Hold On Tight' (Tetris Motion Picture Soundtrack) Visualizer,fvtzZFhrKLE,2023-03-31,7844406,266979,-,2,30,12.494925282603788,98015266.85640885
ì–´ë–¡í•´!! í™”ë³´ ë„ˆë¬´ ì¬ë°Œì–ì•„ğŸ§¸ğŸ¤ | NINGNING VOGUE plus Photoshoot Behind,qMLcW7FqwJw,2023-03-30,123022,15731,-,6,20,9.663388566822505,1188809.3882676382
aespa 1st Concert VCR Shooting Behind | â€˜SYNK : HYPER LINEâ€™ Record #02,oPwbelxjdCo,2023-03-27,252471,19007,-,13,4,9.852562611350837,2487486.335050357
GYMì ¤ ğŸ‹â€â™€ + ì†œì ¤ì˜ Q&A ğŸ–¤ | GiGi-log,dcfOXczg2hA,2023-03-17,1589907,102008,-,32,24,11.532806520563378,18336089.816689357
ì—¬ê¸°ëŠ” ì•Œë¡ë‹¬ë¡í•œ ì„¸ê³„ì…ë‹ˆë‹¤ ğŸ­ğŸ¬ | aespa Brand Concept Day Photoshoot Behind,NubGJ9lhik0,2023-03-14,231773,20004,-,9,43,9.903687532538795,2295407.3704791144
ë‚˜ë‘ ì°ê³  ì‹¶êµ¬ë‚˜ã€°â“ğŸ˜½ğŸ“¸ | aespa WEEK â€˜Come to MY illusionâ€™ Pop-up Store BehindğŸ”®ğŸ’—,Odtf7vz16GI,2023-03-10,223928,19499,-,7,49,9.878118461185586,2211987.310776366
2023 aespa 1st Concert â€˜SYNK : HYPER LINEâ€™ Recap Video,iirh6qh16l0,2023-03-09,404772,31631,-,3,7,10.361892931354786,4194204.1256103395
â¤ï¸â€ğŸ”¥MYs We love Uâ¤ï¸â€ğŸ”¥ 2023 aespa 1st Concert 'SYNK  HYPER LINE',YfsaNRjbzn4,2023-03-07,218182,30216,-,-,51,10.316126864392293,2250793.1915268395
aespa ì—ìŠ¤íŒŒ 'ep.3 Girls (Donâ€™t you know Iâ€™m a Savage?)' - SM Culture Universe Behind The Scenes,I_bmqViUic4,2023-03-04,505781,40781,-,20,42,10.615971565652215,5369356.714447143
aespa WEEK â€˜Come to MY illusionâ€™ | Pop-up Store Teaser,LtE24gYNg1k,2023-02-23,286242,30908,-,-,15,10.338770329053474,2959390.2965289247
aespa ì—ìŠ¤íŒŒ 'ep.3 Girls (Donâ€™t you know Iâ€™m a Savage?)' - SM Culture Universe,iq-ivLY_9A8,2023-02-23,2371735,204634,-,17,2,12.228978296601758,29003895.84029077
aespa ì—ìŠ¤íŒŒ 'ep.3 Girls (Donâ€™t you know Iâ€™m a Savage?)' Teaser - SM Culture Universe,4Rpp-a1o-8U,2023-02-20,1229559,105496,-,-,58,11.566428316487535,14221606.034392098
aespa 1st Concert Dance Practice Behind | 'SYNK : HYPER LINE' Record #01,z2kw1IygOPQ,2023-02-18,575963,39461,-,7,59,10.583068121374101,6095455.664390991
2023 aespa ì—ìŠ¤íŒŒ 1st Concert 'SYNK : HYPER LINE' KWANGYA VLOG,oHHpVFOpZc4,2023-02-17,502743,47434,-,7,15,10.76709455012484,5413081.415413412
aespa ì—ìŠ¤íŒŒ 'SYNK : HYPER LINE' Spoiler | 'Salty & Sweet' Dance Practice (Short Ver.),w5Y6FtngQ1w,2023-02-16,3225376,178806,-,1,20,12.094056698205506,39007880.217031285
See you at our 1st concert 'SYNK : HYPER LINE'ğŸ‘‹,y7-U_83Lghs,2023-02-11,288869,27565,-,1,2,10.224302131023784,2953483.9322867095
2023 aespa 1st Concert â€˜SYNK : HYPER LINEâ€™ Teaser #KARINA,LuydUFWim0Q,2023-02-08,243686,28319,-,-,30,10.251288236449755,2498095.425187495
2023 aespa 1st Concert â€˜SYNK : HYPER LINEâ€™ Teaser #NINGNING,UXYLIxwJxIU,2023-02-08,128264,18531,-,-,22,9.82720028436401,1260476.0172736652
2023 aespa 1st Concert â€˜SYNK : HYPER LINEâ€™ Teaser #WINTER,Zs6na63N118,2023-02-08,129074,17072,-,-,24,9.745194973541535,1257851.2960149
2023 aespa 1st Concert â€˜SYNK : HYPER LINEâ€™ Teaser #GISELLE,3cGQhQSkUOI,2023-02-08,127411,16629,-,-,22,9.718903438087914,1238295.2059502192
2023 aespa 1st Concert â€˜SYNK : HYPER LINEâ€™ Teaser #aespa,G_XT7kGMfKc,2023-02-08,71622,13135,-,-,24,9.48303570211964,679193.9830572129
ì—¬ê¸°ëŠ” ëˆˆì´ ë§ì´ ì˜¨ ì„¤ì› â˜ƒï¸ | '2022 Winter SMTOWN : SMCU PALACE' Jacket Behind,glA4JyfcjFc,2023-01-20,239633,19210,-,6,40,9.863186255762603,2363544.9120271597
2023ë…„ë„ í•¨ê»˜ í•˜ì‹œì£  ğŸ˜˜ | 2022 ì—°ë§ ë¬´ëŒ€ ë¹„í•˜ì¸ë“œ,yQDXJecJrls,2023-01-15,429307,34383,-,8,4,10.44531753516481,4484247.9350689985
ë°ë‹¤ ë°ì•„! ìš°ë¦¬ ë©¤ë²„ë“¤ âœ¨ğŸŒ³ | aespaâ€™s Sydney Vlog EP.02,Yfhfk08JCtA,2023-01-13,677696,42156,-,12,1,10.649132302053827,7216874.36457267
ì§„ì§œ Vacation ì˜¨ ê¸°ë¶„ì´ì•¼ ğŸ¦˜â˜€ï¸ | aespaâ€™s Sydney Vlog EP.01,tyajG-LpbSk,2023-01-12,995664,55234,-,7,47,10.919333984679737,10871987.752522165
aespa ì—ìŠ¤íŒŒ 'Girls' Stage Video,h-k2PcfFDwk,2023-01-01,5942712,133940,-,4,12,11.805147217464041,70154590.03099017
